Destination Port,Flow Duration,Total Fwd Packets,Total Backward Packets,Total Length of Fwd Packets,Total Length of Bwd Packets,Fwd Packet Length Max,Fwd Packet Length Min,Fwd Packet Length Mean,Fwd Packet Length Std,Bwd Packet Length Max,Bwd Packet Length Min,Bwd Packet Length Mean,Bwd Packet Length Std,Flow Bytes/s,Flow Packets/s,Flow IAT Mean,Flow IAT Std,Flow IAT Max,Flow IAT Min,Fwd IAT Total,Fwd IAT Mean,Fwd IAT Std,Fwd IAT Max,Fwd IAT Min,Bwd IAT Total,Bwd IAT Mean,Bwd IAT Std,Bwd IAT Max,Bwd IAT Min,Fwd PSH Flags,Fwd URG Flags,Fwd Header Length,Bwd Header Length,Fwd Packets/s,Bwd Packets/s,Min Packet Length,Max Packet Length,Packet Length Mean,Packet Length Std,Packet Length Variance,FIN Flag Count,SYN Flag Count,RST Flag Count,PSH Flag Count,ACK Flag Count,URG Flag Count,CWE Flag Count,ECE Flag Count,Down/Up Ratio,Average Packet Size,Avg Fwd Segment Size,Avg Bwd Segment Size,Subflow Fwd Packets,Subflow Fwd Bytes,Subflow Bwd Packets,Subflow Bwd Bytes,Init_Win_bytes_forward,Init_Win_bytes_backward,act_data_pkt_fwd,min_seg_size_forward,Active Mean,Active Std,Active Max,Active Min,Idle Mean,Idle Std,Idle Max,Idle Min,Label
80,63146287,7,0,0,0,0,0,0.0,0.0,0,0,0.0,0.0,0.0,0.110853707,10500000.0,11900000.0,32100000,998862,63100000,10500000.0,11900000.0,32100000,998862,0,0.0,0.0,0,0,0,0,280,0,0.110853707,0.0,0,0,0.0,0.0,0.0,0,0,0,1,0,0,0,0,0,0.0,0.0,0.0,7,0,0,0,29200,-1,0,40,7010799.0,0.0,7010799,7010799,18700000.0,12300000.0,32100000,8007972,DoS Slowhttptest
53,62684,4,4,220,780,55,55,55.0,0.0,195,195,195.0,0.0,15953.03427,127.6242741,8954.857143,23558.34311,62380,3,62478,20826.0,36065.62794,62471,3,301,100.3333333,131.5535379,250,3,0,0,104,80,63.81213707,63.81213707,55,195,117.2222222,73.78647874,5444.444444,0,0,0,0,0,0,0,0,1,131.875,55.0,195.0,4,220,4,780,-1,-1,3,20,0.0,0.0,0,0,0.0,0.0,0,0,BENIGN
53,165,2,2,78,110,39,39,39.0,0.0,55,55,55.0,0.0,1139393.939,24242.42424,55.0,90.93404203,160,2,3,3.0,0.0,3,3,2,2.0,0.0,2,2,0,0,64,64,12121.21212,12121.21212,39,55,45.4,8.76356092,76.8,0,0,0,0,0,0,0,0,1,56.75,39.0,55.0,2,78,2,110,-1,-1,1,32,0.0,0.0,0,0,0.0,0.0,0,0,BENIGN
80,5947579,3,1,0,0,0,0,0.0,0.0,0,0,0.0,0.0,0.0,0.672542559,1982526.333,3433231.858,5946881,123,5947579,2973789.5,4204586.321,5946881,698,0,0.0,0.0,0,0,0,0,104,40,0.504406919,0.16813564,0,0,0.0,0.0,0.0,0,0,0,1,0,0,0,0,0,0.0,0.0,0.0,3,0,1,0,29200,28960,0,32,0.0,0.0,0,0,0.0,0.0,0,0,Web Attack - Brute Force
53,68531,1,1,56,127,56,56,56.0,0.0,127,127,127.0,0.0,2670.3243787483,29.1838729918,68531.0,0.0,68531,68531,0,0.0,0.0,0,0,0,0.0,0.0,0,0,0,0,20,20,14.5919364959,14.5919364959,56,127,79.6666666667,40.9918691125,1680.3333333333,0,0,0,0,0,0,0,0,1,119.5,56.0,127.0,1,56,1,127,-1,-1,0,20,0.0,0.0,0,0,0.0,0.0,0,0,BENIGN
80,63126663,7,0,0,0,0,0,0.0,0.0,0,0,0.0,0.0,0.0,0.110888168,10500000.0,11900000.0,32100000,999332,63100000,10500000.0,11900000.0,32100000,999332,0,0.0,0.0,0,0,0,0,280,0,0.110888168,0.0,0,0,0.0,0.0,0.0,0,0,0,1,0,0,0,0,0,0.0,0.0,0.0,7,0,0,0,29200,-1,0,40,7015025.0,0.0,7015025,7015025,18700000.0,12200000.0,32100000,8016081,DoS Slowhttptest
53,23775,2,2,156,312,78,78,78.0,0.0,156,156,156.0,0.0,19684.54259,168.2439537,7925.0,13714.37862,23761,4,4,4.0,0.0,4,4,10,10.0,0.0,10,10,0,0,64,40,84.12197687,84.12197687,78,156,109.2,42.72235949,1825.2,0,0,0,0,0,0,0,0,1,136.5,78.0,156.0,2,156,2,312,-1,-1,1,32,0.0,0.0,0,0,0.0,0.0,0,0,BENIGN
52239,4,1,1,6,6,6,6,6.0,0.0,6,6,6.0,0.0,3000000.0,500000.0,4.0,0.0,4,4,0,0.0,0.0,0,0,0,0.0,0.0,0,0,0,0,20,20,250000.0,250000.0,6,6,6.0,0.0,0.0,0,0,0,0,1,1,0,0,1,9.0,6.0,6.0,1,6,1,6,237,256,0,20,0.0,0.0,0,0,0.0,0.0,0,0,Bot
80,10645298,4,4,327,3525,327,0,81.75,163.5,3525,0,881.25,1762.5,361.8498984,0.7515055,1520756.857,2603036.379,5639400,67,5641213,1880404.333,3256300.267,5640456,217,10600000,3548410.333,3088670.494,5639400,775,0,0,136,136,0.37575275,0.37575275,0,3525,428.0,1166.399267,1360487.25,0,0,0,1,0,0,0,0,1,481.5,81.75,881.25,4,327,4,3525,29200,235,1,32,842.0,0.0,842,842,5639400.0,0.0,5639400,5639400,DoS GoldenEye
80,1093439,3,6,26,11601,20,0,8.666666667,10.26320288,4380,0,1933.5,1757.789948,10633.42354,8.23091183,136679.875,378720.5673,1073817,3,19336,9668.0,13668.37408,19333,3,1093419,218683.8,478106.7441,1073817,16,0,0,72,132,2.743637277,5.487274553,0,4380,1162.7,1645.241762,2706820.456,0,0,0,1,0,0,0,0,2,1291.888889,8.666666667,1933.5,3,26,6,11601,8192,229,2,20,0.0,0.0,0,0,0.0,0.0,0,0,DDoS
80,109,1,1,0,0,0,0,0.0,0.0,0,0,0.0,0.0,0.0,18348.62385,109.0,0.0,109,109,0,0.0,0.0,0,0,0,0.0,0.0,0,0,0,0,32,32,9174.311927,9174.311927,0,0,0.0,0.0,0.0,0,0,0,0,1,1,0,0,1,0.0,0.0,0.0,1,0,1,0,260,236,0,32,0.0,0.0,0,0,0.0,0.0,0,0,Web Attack - Sql Injection
80,5902807,4,2,12,0,6,0,3.0,3.464101615,0,0,0.0,0.0,2.032931112,1.016465556,1180561.4,2607537.126,5844995,59,5902807,1967602.333,3357920.627,5844995,28186,28294,28294.0,0.0,28294,28294,0,0,104,64,0.677643704,0.338821852,0,6,1.714285714,2.927700219,8.571428571,0,0,0,1,0,0,0,0,0,2.0,3.0,0.0,4,12,2,0,8192,29200,2,20,0.0,0.0,0,0,0.0,0.0,0,0,BENIGN
80,5006127,4,4,447,530,447,0,111.75,223.5,530,0,132.5,265.0,195.1608499,1.59804176,715161.0,1889619.815,5000415,4,5712,1904.0,2168.235227,4266,4,5005996,1668665.333,2885896.206,5001011,1407,0,0,136,136,0.79902088,0.79902088,0,530,108.5555556,216.4053552,46831.27778,0,0,0,1,0,0,0,0,1,122.125,111.75,132.5,4,447,4,530,29200,235,1,32,0.0,0.0,0,0,0.0,0.0,0,0,Web Attack - Sql Injection
10696,166,1,1,6,6,6,6,6.0,0.0,6,6,6.0,0.0,72289.15663,12048.19277,166.0,0.0,166,166,0,0.0,0.0,0,0,0,0.0,0.0,0,0,0,0,20,20,6024.096386,6024.096386,6,6,6.0,0.0,0.0,0,0,0,0,1,1,0,0,1,9.0,6.0,6.0,1,6,1,6,229,256,0,20,0.0,0.0,0,0,0.0,0.0,0,0,BENIGN
80,144881,2,6,20,11607,20,0,10.0,14.14213562,4380,0,1934.5,2177.344966,80252.06894,55.21773041,20697.28571,53861.92691,142839,16,1560,1560.0,0.0,1560,1560,144785,28957.0,63664.79193,142839,16,0,0,52,132,13.8044326,41.41329781,0,4380,1291.888889,1972.862923,3892188.111,0,0,0,1,0,0,0,0,3,1453.375,10.0,1934.5,2,20,6,11607,8192,229,1,20,0.0,0.0,0,0,0.0,0.0,0,0,DDoS
22,11545182,20,33,2008,2745,640,0,100.4,141.9141327,976,0,83.18181818,217.2857356,411.6868838,4.59065955,222022.7308,596527.1267,2154704,3,9522779,501198.8947,849057.6044,2205504,217,11500000,360783.9063,730736.9984,2154704,3,0,0,648,1064,1.732324358,2.858335191,0,976,88.01851852,189.5902723,35944.47135,0,0,0,1,0,0,0,0,1,89.67924528,100.4,83.18181818,20,2008,33,2745,29200,247,16,32,0.0,0.0,0,0,0.0,0.0,0,0,SSH-Patator
53,11004587,4,2,112,56,28,28,28.0,0.0,28,28,28.0,0.0,15.2663612,0.545227186,2200917.4,3034422.997,6002614,1,5001972,1667324.0,2887888.149,5001970,1,1,1.0,0.0,1,1,0,0,144,64,0.36348479,0.181742395,28,28,28.0,0.0,0.0,0,0,0,0,0,0,0,0,0,32.66666667,28.0,28.0,4,112,2,56,-1,-1,3,32,1.0,0.0,1,1,5502292.0,707562.158,6002614,5001970,BENIGN
444,66695827,32,34,11898,460,1460,0,371.8125,505.3550293,267,0,13.52941176,44.79937452,185.2889537,0.989567158,1026089.646,5280456.166,37000000,2,66700000,2151464.935,7548995.503,37000000,4,66700000,2021070.818,7327578.027,37000000,2,0,0,652,692,0.479790137,0.509777021,0,1460,184.4477612,391.8442905,153541.948,0,0,0,1,0,0,0,0,1,187.2424242,371.8125,13.52941176,32,11898,34,460,8192,492,31,20,376331.0,362570.0288,730747,6123,21700000.0,14900000.0,37000000,7268675,Infiltration
80,5006168,4,4,599,2021,599,0,149.75,299.5,2021,0,505.25,1010.5,523.35439,1.598028672,715166.8571,1889455.998,5000049,108,6119,2039.666667,2628.237496,5066,330,5005995,1668665.0,2885649.943,5000726,988,0,0,136,136,0.799014336,0.799014336,0,2021,291.1111111,678.2819186,460066.3611,0,0,0,1,0,0,0,0,1,327.5,149.75,505.25,4,599,4,2021,29200,236,1,32,0.0,0.0,0,0,0.0,0.0,0,0,Web Attack - Sql Injection
8080,76420,4,3,207,134,195,0,51.75,95.54187564,128,0,44.66666667,72.23111056,4462.182675,91.59905784,12736.66667,30340.15497,74666,57,76420,25473.33333,43531.40467,75738,57,75154,37577.0,52451.76681,74666,488,0,0,92,72,52.34231876,39.25673907,0,195,42.625,75.57576615,5711.696429,0,0,0,1,0,0,0,0,0,48.71428571,51.75,44.66666667,4,207,3,134,8192,237,3,20,0.0,0.0,0,0,0.0,0.0,0,0,Bot
53,164128,1,1,50,66,50,50,50.0,0.0,66,66,66.0,0.0,706.7654514,12.18561123,164128.0,0.0,164128,164128,0,0.0,0.0,0,0,0,0.0,0.0,0,0,0,0,20,20,6.092805615,6.092805615,50,66,55.33333333,9.237604307,85.33333333,0,0,0,0,0,0,0,0,1,83.0,50.0,66.0,1,50,1,66,-1,-1,0,20,0.0,0.0,0,0,0.0,0.0,0,0,BENIGN
80,97266860,8,6,329,11595,329,0,41.125,116.3190655,5792,0,1932.5,2537.820147,122.590572,0.143933915,7482066.154,27000000.0,97300000,1,97300000,13900000.0,36800000.0,97300000,1,3776,755.2,1385.095917,3227,44,0,0,264,200,0.082247952,0.061685964,0,5792,794.9333333,1797.606522,3231389.21,0,0,0,0,1,0,0,0,0,851.7142857,41.125,1932.5,8,329,6,11595,251,235,1,32,1004.0,0.0,1004,1004,97300000.0,0.0,97300000,97300000,DoS Hulk
53,148,2,2,66,140,33,33,33.0,0.0,70,70,70.0,0.0,1391891.892,27027.02703,49.33333333,80.25168742,142,3,3,3.0,0.0,3,3,3,3.0,0.0,3,3,0,0,40,40,13513.51351,13513.51351,33,70,47.8,20.26573463,410.7,0,0,0,0,0,0,0,0,1,59.75,33.0,70.0,2,66,2,140,-1,-1,1,20,0.0,0.0,0,0,0.0,0.0,0,0,BENIGN
444,100460141,26,26,5776,156,1002,6,222.1538462,304.5652235,6,6,6.0,0.0,59.04829459,0.517618226,1969806.686,8655557.349,54800000,36,100000000,4018386.92,12100000.0,54800000,463,100000000,4018391.52,12100000.0,54800000,528,1,0,520,520,0.258809113,0.258809113,6,1002,112.6037736,237.4695397,56391.78229,0,1,0,0,1,0,0,0,1,114.7692308,222.1538462,6.0,26,5776,26,156,255,880,25,20,568411.6667,5121.989587,574107,564183,32700000.0,19100000.0,54800000,21400000,Infiltration
444,86726608,1775,1775,785275,10650,1274,6,442.4084507,251.4469546,6,6,6.0,0.0,9177.402626,40.93322778,24436.91406,502642.9002,28800000,20,86700000,48886.20913,711050.767,28900000,413,86700000,48887.41657,710231.7432,28800000,526,1,0,35500,35500,20.46661389,20.46661389,6,1274,224.16784,281.447616,79212.76055,0,1,0,0,1,0,0,0,1,224.2309859,442.4084507,6.0,1775,785275,1775,10650,255,3977,1774,20,23100000.0,26100000.0,41600000,4649995,17400000.0,16200000.0,28800000,5953706,Infiltration
80,272566,1,3,0,1983,0,0,0.0,0.0,1983,0,661.0,1144.885584,7275.302129,14.67534469,90855.33333,123187.0486,231068,4,0,0.0,0.0,0,0,231072,115536.0,163386.9213,231068,4,0,0,32,96,3.668836172,11.00650852,0,1983,396.6,886.8245599,786457.8,0,0,0,0,1,1,0,0,3,495.75,0.0,661.0,1,0,3,1983,229,235,0,32,0.0,0.0,0,0,0.0,0.0,0,0,DoS Slowhttptest
21,229,2,1,14,0,14,0,7.0,9.899494937,0,0,0.0,0.0,61135.37118,13100.43668,114.5,41.71930009,144,85,229,229.0,0.0,229,229,0,0.0,0.0,0,0,1,0,64,20,8733.624454,4366.812227,0,14,7.0,8.082903769,65.33333333,0,1,0,0,1,0,0,0,0,9.333333333,7.0,0.0,2,14,1,0,229,0,0,32,0.0,0.0,0,0,0.0,0.0,0,0,FTP-Patator
80,5473380,3,1,0,0,0,0,0.0,0.0,0,0,0.0,0.0,0.0,0.730809847,1824460.0,3159439.948,5472667,134,5473380,2736690.0,3869255.78,5472667,713,0,0.0,0.0,0,0,0,0,104,40,0.548107385,0.182702462,0,0,0.0,0.0,0.0,0,0,0,1,0,0,0,0,0,0.0,0.0,0.0,3,0,1,0,29200,28960,0,32,0.0,0.0,0,0,0.0,0.0,0,0,Web Attack - XSS
80,5264166,3,1,0,0,0,0,0.0,0.0,0,0,0.0,0.0,0.0,0.759854457,1754722.0,3038574.849,5263366,127,5264166,2632083.0,3721196.105,5263366,800,0,0.0,0.0,0,0,0,0,104,40,0.569890843,0.189963614,0,0,0.0,0.0,0.0,0,0,0,1,0,0,0,0,0,0.0,0.0,0.0,3,0,1,0,29200,28960,0,32,0.0,0.0,0,0,0.0,0.0,0,0,Web Attack - XSS
80,5723985,3,1,0,0,0,0,0.0,0.0,0,0,0.0,0.0,0.0,0.698813851,1907995.0,3304130.279,5723276,97,5723985,2861992.5,4046465.931,5723276,709,0,0.0,0.0,0,0,0,0,104,40,0.524110388,0.174703463,0,0,0.0,0.0,0.0,0,0,0,1,0,0,0,0,0,0.0,0.0,0.0,3,0,1,0,29200,28960,0,32,0.0,0.0,0,0,0.0,0.0,0,0,Web Attack - XSS
443,114717,9,8,1250,2814,773,0,138.8888889,255.1599716,1448,0,351.75,549.074481,35426.30996,148.1907651,7169.8125,10767.78579,24660,1,90055,11256.875,12251.69841,25916,1,90697,12956.71429,16209.47326,38567,2,0,0,300,264,78.45393446,69.73683064,0,1448,225.7777778,411.3898331,169241.5948,0,0,0,1,0,0,0,0,0,239.0588235,138.8888889,351.75,9,1250,8,2814,65535,64,5,32,0.0,0.0,0,0,0.0,0.0,0,0,BENIGN
8080,408907,5,4,213,145,195,0,42.6,85.23379611,129,0,36.25,61.96975069,875.5046991,22.00989467,51113.375,143634.9014,406591,18,408907,102226.75,203544.3728,407543,70,407643,135881.0,234441.8085,406591,343,0,0,112,92,12.22771926,9.782175409,0,195,35.8,68.38908295,4677.066667,0,0,0,1,0,0,0,0,0,39.77777778,42.6,36.25,5,213,4,145,8192,237,4,20,0.0,0.0,0,0,0.0,0.0,0,0,Bot
53091,18,1,1,0,0,0,0,0.0,0.0,0,0,0.0,0.0,0.0,111111.1111,18.0,0.0,18,18,0,0.0,0.0,0,0,0,0.0,0.0,0,0,0,0,32,32,55555.55556,55555.55556,0,0,0.0,0.0,0.0,0,0,0,0,1,0,0,0,1,0.0,0.0,0.0,1,0,1,0,122,65535,0,32,0.0,0.0,0,0,0.0,0.0,0,0,BENIGN
80,5500437,3,1,0,0,0,0,0.0,0.0,0,0,0.0,0.0,0.0,0.727214947,1833479.0,3175059.584,5499722,110,5500437,2750218.5,3888385.139,5499722,715,0,0.0,0.0,0,0,0,0,104,40,0.54541121,0.181803737,0,0,0.0,0.0,0.0,0,0,0,1,0,0,0,0,0,0.0,0.0,0.0,3,0,1,0,29200,28960,0,32,0.0,0.0,0,0,0.0,0.0,0,0,Web Attack - XSS
80,109904796,4,3,529,0,520,0,132.25,258.5348139,0,0,0.0,0.0,4.813256739,0.063691488,18300000.0,44900000.0,110000000,17,110000000,36600000.0,63400000.0,110000000,588,110000000,55000000.0,77700000.0,110000000,5267,0,0,136,104,0.036395136,0.027296352,0,520,66.125,183.4202337,33642.98214,0,0,0,1,0,0,0,0,0,75.57142857,132.25,0.0,4,529,3,0,29200,235,2,32,5284.0,0.0,5284,5284,110000000.0,0.0,110000000,110000000,DoS Slowhttptest
51782,49,1,1,6,6,6,6,6.0,0.0,6,6,6.0,0.0,244897.9592,40816.32653,49.0,0.0,49,49,0,0.0,0.0,0,0,0,0.0,0.0,0,0,0,0,20,20,20408.16327,20408.16327,6,6,6.0,0.0,0.0,0,0,0,0,1,1,0,0,1,9.0,6.0,6.0,1,6,1,6,237,256,0,20,0.0,0.0,0,0,0.0,0.0,0,0,Bot
53,239,2,2,68,166,34,34,34.0,0.0,83,83,83.0,0.0,979079.4979,16736.40167,79.66666667,96.98625332,189,4,46,46.0,0.0,46,46,4,4.0,0.0,4,4,0,0,64,64,8368.200837,8368.200837,34,83,53.6,26.83840532,720.3,0,0,0,0,0,0,0,0,1,67.0,34.0,83.0,2,68,2,166,-1,-1,1,32,0.0,0.0,0,0,0.0,0.0,0,0,BENIGN
443,241,3,1,18,0,6,6,6.0,0.0,0,0,0.0,0.0,74688.7966804979,16597.510373444,80.3333333333,122.0218559658,221,3,241,120.5,166.1700935788,238,3,0,0.0,0.0,0,0,0,0,60,32,12448.132780083,4149.377593361,0,6,4.8,2.683281573,7.2,1,0,0,0,0,0,0,0,0,6.0,6.0,0.0,3,18,1,0,0,114,2,20,0.0,0.0,0,0,0.0,0.0,0,0,BENIGN
80,5009041,4,4,523,530,523,0,130.75,261.5,530,0,132.5,265.0,210.2198804,1.597112102,715577.2857,1891319.408,5004686,43,4355,1451.666667,1734.43055,3391,49,5008917,1669639.0,2888741.337,5005270,883,0,0,136,136,0.798556051,0.798556051,0,530,117.0,232.171273,53903.5,0,0,0,1,0,0,0,0,1,131.625,130.75,132.5,4,523,4,530,29200,235,1,32,0.0,0.0,0,0,0.0,0.0,0,0,Web Attack - Sql Injection
80,71,1,1,0,0,0,0,0.0,0.0,0,0,0.0,0.0,0.0,28169.01408,71.0,0.0,71,71,0,0.0,0.0,0,0,0,0.0,0.0,0,0,0,0,32,32,14084.50704,14084.50704,0,0,0.0,0.0,0.0,0,0,0,0,1,1,0,0,1,0.0,0.0,0.0,1,0,1,0,237,235,0,32,0.0,0.0,0,0,0.0,0.0,0,0,Web Attack - Sql Injection
444,119259012,2801,2069,12264,7879536,4344,0,4.378436273,83.10784486,15928,0,3808.378927,2459.369265,66173.61546,40.83548839,24493.53296,153287.5304,995262,0,119000000,42592.48179,200437.9726,996257,0,119000000,57668.76064,231138.5291,995262,2,0,0,89632,66208,23.48669466,17.34879373,0,15928,1621.05194,2471.802162,6109805.929,0,0,0,0,1,0,0,0,0,1621.384805,4.378436273,3808.378927,2801,12264,2069,7879536,235,235,120,32,0.0,0.0,0,0,0.0,0.0,0,0,Heartbleed
22,13339214,22,33,2008,2745,640,0,91.27272727,138.1821372,976,0,83.18181818,217.2857356,356.317846,4.123181471,247022.4815,668453.6411,2456032,4,11300000,539731.0952,958145.0568,2526533,541,13300000,416847.6875,831327.11,2456032,4,0,0,712,1064,1.649272588,2.473908882,0,976,84.875,186.8396554,34909.05682,0,0,0,1,0,0,0,0,1,86.41818182,91.27272727,83.18181818,22,2008,33,2745,29200,247,16,32,0.0,0.0,0,0,0.0,0.0,0,0,SSH-Patator
53,96679,2,2,78,330,39,39,39.0,0.0,165,165,165.0,0.0,4220.151222,41.37403159,32226.33333,55775.21638,96630,1,48,48.0,0.0,48,48,1,1.0,0.0,1,1,0,0,64,64,20.68701579,20.68701579,39,165,89.4,69.01304225,4762.8,0,0,0,0,0,0,0,0,1,111.75,39.0,165.0,2,78,2,330,-1,-1,1,32,0.0,0.0,0,0,0.0,0.0,0,0,BENIGN
22,12286706,21,32,2008,2745,640,0,95.61904762,140.0451628,976,0,85.78125,220.240592,386.8408669,4.31360529,236282.8077,641245.8183,2416221,3,10600000,528394.1,935792.9453,2464823,534,12300000,396340.1935,795975.5088,2416221,3,0,0,680,1032,1.70916436,2.60444093,0,976,88.01851852,189.5902723,35944.47135,0,0,0,1,0,0,0,0,1,89.67924528,95.61904762,85.78125,21,2008,32,2745,29200,247,16,32,0.0,0.0,0,0,0.0,0.0,0,0,SSH-Patator
52320,43,1,1,6,6,6,6,6.0,0.0,6,6,6.0,0.0,279069.7674,46511.62791,43.0,0.0,43,43,0,0.0,0.0,0,0,0,0.0,0.0,0,0,0,0,20,20,23255.81395,23255.81395,6,6,6.0,0.0,0.0,0,0,0,0,1,1,0,0,1,9.0,6.0,6.0,1,6,1,6,237,256,0,20,0.0,0.0,0,0,0.0,0.0,0,0,Bot
21,273,2,1,14,0,14,0,7.0,9.899494937,0,0,0.0,0.0,51282.05128,10989.01099,136.5,89.80256121,200,73,273,273.0,0.0,273,273,0,0.0,0.0,0,0,1,0,64,20,7326.007326,3663.003663,0,14,7.0,8.082903769,65.33333333,0,1,0,0,1,0,0,0,0,9.333333333,7.0,0.0,2,14,1,0,229,0,0,32,0.0,0.0,0,0,0.0,0.0,0,0,FTP-Patator
49093,229,1,2,0,0,0,0,0.0,0.0,0,0,0.0,0.0,0.0,13100.43668,114.5,160.5132393,228,1,0,0.0,0.0,0,0,1,1.0,0.0,1,1,0,0,32,64,4366.812227,8733.624454,0,0,0.0,0.0,0.0,0,0,0,0,1,1,0,0,2,0.0,0.0,0.0,1,0,2,0,395,229,0,32,0.0,0.0,0,0,0.0,0.0,0,0,BENIGN
53,199,2,2,60,264,30,30,30.0,0.0,132,132,132.0,0.0,1628140.704,20100.50251,66.33333333,108.8316743,192,3,4,4.0,0.0,4,4,3,3.0,0.0,3,3,0,0,88,88,10050.25126,10050.25126,30,132,70.8,55.86770087,3121.2,0,0,0,0,0,0,0,0,1,88.5,30.0,132.0,2,60,2,264,-1,-1,1,44,0.0,0.0,0,0,0.0,0.0,0,0,BENIGN
443,1024,4,0,37,0,37,0,9.25,18.5,0,0,0.0,0.0,36132.8125,3906.25,341.3333333,280.3824769,608,49,1024,341.3333333,280.3824769,608,49,0,0.0,0.0,0,0,0,0,128,0,3906.25,0.0,0,37,7.4,16.54690303,273.8,0,0,0,0,1,0,0,0,0,9.25,9.25,0.0,4,37,0,0,31969,-1,1,32,0.0,0.0,0,0,0.0,0.0,0,0,BENIGN
53,50248,2,2,100,156,50,50,50.0,0.0,78,78,78.0,0.0,5094.730139,79.60515841,16749.33333,29005.50017,50242,3,3,3.0,0.0,3,3,3,3.0,0.0,3,3,0,0,40,40,39.80257921,39.80257921,50,78,61.2,15.33623161,235.2,0,0,0,0,0,0,0,0,1,76.5,50.0,78.0,2,100,2,156,-1,-1,1,20,0.0,0.0,0,0,0.0,0.0,0,0,BENIGN
21,218,2,1,14,0,14,0,7.0,9.899494937,0,0,0.0,0.0,64220.18349,13761.46789,109.0,56.56854249,149,69,218,218.0,0.0,218,218,0,0.0,0.0,0,0,1,0,64,20,9174.311927,4587.155963,0,14,7.0,8.082903769,65.33333333,0,1,0,0,1,0,0,0,0,9.333333333,7.0,0.0,2,14,1,0,229,0,0,32,0.0,0.0,0,0,0.0,0.0,0,0,FTP-Patator
31038,30,1,1,2,6,2,2,2.0,0.0,6,6,6.0,0.0,266666.6667,66666.66667,30.0,0.0,30,30,0,0.0,0.0,0,0,0,0.0,0.0,0,0,0,0,24,20,33333.33333,33333.33333,2,6,3.333333333,2.309401077,5.333333333,0,0,0,1,0,0,0,0,1,5.0,2.0,6.0,1,2,1,6,1024,0,0,24,0.0,0.0,0,0,0.0,0.0,0,0,PortScan
554,103,1,1,0,6,0,0,0.0,0.0,6,6,6.0,0.0,58252.42718,19417.47573,103.0,0.0,103,103,0,0.0,0.0,0,0,0,0.0,0.0,0,0,0,0,40,20,9708.737864,9708.737864,0,6,2.0,3.464101615,12.0,0,0,0,1,0,0,0,0,1,3.0,0.0,6.0,1,0,1,6,29200,0,0,40,0.0,0.0,0,0,0.0,0.0,0,0,PortScan
80,5168787,3,1,0,0,0,0,0.0,0.0,0,0,0.0,0.0,0.0,0.77387596,1722929.0,2983603.017,5168097,120,5168787,2584393.5,3653908.531,5168097,690,0,0.0,0.0,0,0,0,0,104,40,0.58040697,0.19346899,0,0,0.0,0.0,0.0,0,0,0,1,0,0,0,0,0,0.0,0.0,0.0,3,0,1,0,29200,28960,0,32,0.0,0.0,0,0,0.0,0.0,0,0,Web Attack - Brute Force
80,99847727,12,6,1320,11595,330,0,110.0,162.4807681,5792,0,1932.5,2179.547086,129.3469605,0.180274509,5873395.706,24000000.0,98900000,1,99700000,9065110.273,29800000.0,98900000,1,971436,194287.2,365401.6322,840016,49,0,0,392,200,0.120183006,0.060091503,0,5792,679.7368421,1449.449391,2100903.538,0,0,0,0,1,0,0,0,0,717.5,110.0,1932.5,12,1320,6,11595,274,235,4,32,13369.0,0.0,13369,13369,98900000.0,0.0,98900000,98900000,DoS Hulk
80,78,1,1,0,0,0,0,0.0,0.0,0,0,0.0,0.0,0.0,25641.02564,78.0,0.0,78,78,0,0.0,0.0,0,0,0,0.0,0.0,0,0,0,0,32,32,12820.51282,12820.51282,0,0,0.0,0.0,0.0,0,0,0,0,1,1,0,0,1,0.0,0.0,0.0,1,0,1,0,260,236,0,32,0.0,0.0,0,0,0.0,0.0,0,0,Web Attack - Sql Injection
53,47780,2,2,56,476,28,28,28.0,0.0,238,238,238.0,0.0,11134.36584,83.71703642,15926.66667,27579.73369,47773,3,3,3.0,0.0,3,3,4,4.0,0.0,4,4,0,0,64,64,41.85851821,41.85851821,28,238,112.0,115.0217371,13230.0,0,0,0,0,0,0,0,0,1,140.0,28.0,238.0,2,56,2,476,-1,-1,1,32,0.0,0.0,0,0,0.0,0.0,0,0,BENIGN
80,4992349,4,4,601,541,589,0,150.25,292.5136749,529,0,135.25,262.5152377,228.7500333,1.602452072,713192.7143,1837522.617,4880079,145,112270,37423.33333,39770.26439,80540,2176,4962940,1654313.333,2837248.641,4930437,755,0,0,92,88,0.801226036,0.801226036,0,589,126.8888889,245.4584713,60249.86111,0,0,0,1,0,0,0,0,1,142.75,150.25,135.25,4,601,4,541,8192,4969,3,20,0.0,0.0,0,0,0.0,0.0,0,0,BENIGN
80,5534810,3,1,0,0,0,0,0.0,0.0,0,0,0.0,0.0,0.0,0.722698701,1844936.667,3194765.42,5533934,131,5534810,2767405.0,3912462.832,5533934,876,0,0.0,0.0,0,0,0,0,104,40,0.542024026,0.180674675,0,0,0.0,0.0,0.0,0,0,0,1,0,0,0,0,0,0.0,0.0,0.0,3,0,1,0,29200,28960,0,32,0.0,0.0,0,0,0.0,0.0,0,0,Web Attack - XSS
443,8850525,16,16,1382,10733,507,0,86.375,169.5680296,2864,0,670.8125,821.6688075,1368.845351,3.615604724,285500.8065,1149750.766,6025429,3,8850525,590035.0,1624962.258,6025722,4,8799821,586654.7333,1632698.233,6025471,3,0,0,340,332,1.807802362,1.807802362,0,2864,367.1212121,647.831033,419685.0473,0,0,0,1,0,0,0,0,1,378.59375,86.375,670.8125,16,1382,16,10733,29200,70,15,20,2824803.0,0.0,2824803,2824803,6025429.0,0.0,6025429,6025429,BENIGN
21,9352836,9,15,99,188,23,0,11.0,8.717797887,34,0,12.53333333,14.54975045,30.68587966,2.566066592,406645.0435,1066858.775,3544595,3,5766115,720764.375,1343046.188,3188789,209,9352738,668052.7143,1318374.37,3544595,3,0,0,296,488,0.962274972,1.60379162,0,34,11.48,12.45364739,155.0933333,0,0,0,1,0,0,0,0,1,11.95833333,11.0,12.53333333,9,99,15,188,29200,227,6,32,0.0,0.0,0,0,0.0,0.0,0,0,FTP-Patator
80,5365520,3,1,0,0,0,0,0.0,0.0,0,0,0.0,0.0,0.0,0.745500902,1788506.667,3097026.661,5364645,111,5365520,2682760.0,3792758.14,5364645,875,0,0.0,0.0,0,0,0,0,104,40,0.559125677,0.186375226,0,0,0.0,0.0,0.0,0,0,0,1,0,0,0,0,0,0.0,0.0,0.0,3,0,1,0,29200,28960,0,32,0.0,0.0,0,0,0.0,0.0,0,0,Web Attack - XSS
53,134201,1,1,45,136,45,45,45.0,0.0,136,136,136.0,0.0,1348.723184,14.90301861,134201.0,0.0,134201,134201,0,0.0,0.0,0,0,0,0.0,0.0,0,0,0,0,20,20,7.451509303,7.451509303,45,136,75.33333333,52.5388745,2760.333333,0,0,0,0,0,0,0,0,1,113.0,45.0,136.0,1,45,1,136,-1,-1,0,20,0.0,0.0,0,0,0.0,0.0,0,0,BENIGN
53,32230,2,2,60,194,30,30,30.0,0.0,97,97,97.0,0.0,7880.856345,124.1079739,10743.33333,18565.5788,32181,1,1,1.0,0.0,1,1,48,48.0,0.0,48,48,0,0,64,64,62.05398697,62.05398697,30,97,56.8,36.69741135,1346.7,0,0,0,0,0,0,0,0,1,71.0,30.0,97.0,2,60,2,194,-1,-1,1,32,0.0,0.0,0,0,0.0,0.0,0,0,BENIGN
444,119991834,5523,5525,2866110,33406,1274,0,518.940793,204.2035303,267,0,6.046334842,3.512317683,24164.27771,92.07293223,10861.93844,112321.3571,9432176,3,120000000,21729.77798,158193.1653,9432951,493,120000000,21721.7529,158125.0232,9432176,582,0,0,110472,110512,46.02813221,46.04480002,0,1274,262.4233867,294.3120341,86619.57344,0,0,0,1,0,0,0,0,1,262.4471398,518.940793,6.046334842,5523,2866110,5525,33406,8192,3294,5522,20,997842.0,831471.3076,1585781,409903,8143987.5,1821773.648,9432176,6855799,Infiltration
52424,3,2,0,0,0,0,0,0.0,0.0,0,0,0.0,0.0,0.0,666666.6667,3.0,0.0,3,3,3,3.0,0.0,3,3,0,0.0,0.0,0,0,0,0,64,0,666666.6667,0.0,0,0,0.0,0.0,0.0,0,0,0,0,1,0,0,0,0,0.0,0.0,0.0,2,0,0,0,6532,-1,0,32,0.0,0.0,0,0,0.0,0.0,0,0,BENIGN
21,9177816,9,15,110,188,25,0,12.22222222,9.984710534,34,0,12.53333333,14.54975045,32.46959843,2.615001216,399035.4783,1038564.274,3200734,3,5934827,741853.375,1375596.266,3162981,3,9177723,655551.6429,1282290.676,3200734,3,0,0,296,488,0.980625456,1.63437576,0,34,11.92,12.76362018,162.91,0,0,0,1,0,0,0,0,1,12.41666667,12.22222222,12.53333333,9,110,15,188,29200,227,6,32,0.0,0.0,0,0,0.0,0.0,0,0,FTP-Patator
80,105049,5,0,30,0,6,6,6.0,0.0,0,0,0.0,0.0,285.5810146,47.59683576,26262.25,52441.19592,104924,2,105049,26262.25,52441.19592,104924,2,0,0.0,0.0,0,0,0,0,100,0,47.59683576,0.0,6,6,6.0,0.0,0.0,0,0,0,0,1,0,0,0,0,7.2,6.0,0.0,5,30,0,0,256,-1,4,20,0.0,0.0,0,0,0.0,0.0,0,0,DDoS
80,102704094,14,3,2541,6,231,0,181.5,98.36333745,6,0,2.0,3.464101615,24.79940089,0.165524073,6419005.875,13200000.0,51400000,49,103000000,7900305.308,14400000.0,51400000,327,103000000,51400000.0,28000000.0,71200000,31500000,0,0,456,100,0.136313943,0.029210131,0,231,141.5,115.4547276,13329.79412,0,0,0,1,0,0,0,0,0,149.8235294,181.5,2.0,14,2541,3,6,29200,0,11,32,3208635.0,4537024.796,6416796,474,19300000.0,18800000.0,51400000,5901035,DoS slowloris
443,35782,2,1,12,6,6,6,6.0,0.0,6,6,6.0,0.0,503.0462244,83.84103739,17891.0,25232.39838,35733,49,49,49.0,0.0,49,49,0,0.0,0.0,0,0,0,0,40,20,55.89402493,27.94701246,6,6,6.0,0.0,0.0,0,0,0,0,1,1,0,0,0,8.0,6.0,6.0,2,12,1,6,326,66,1,20,0.0,0.0,0,0,0.0,0.0,0,0,BENIGN
53,78462,2,2,76,274,38,38,38.0,0.0,137,137,137.0,0.0,4460.7580739721,50.980092274,26154.0,45293.9946460897,78455,3,4,4.0,0.0,4,4,3,3.0,0.0,3,3,0,0,40,40,25.490046137,25.490046137,38,137,77.6,54.224533193,2940.3,0,0,0,0,0,0,0,0,1,97.0,38.0,137.0,2,76,2,274,-1,-1,1,20,0.0,0.0,0,0,0.0,0.0,0,0,BENIGN
80,109821749,4,3,533,0,520,0,133.25,257.9061522,0,0,0.0,0.0,4.853319173,0.063739651,18300000.0,44800000.0,110000000,44,110000000,36600000.0,63400000.0,110000000,632,110000000,54900000.0,77600000.0,110000000,5388,0,0,136,104,0.036422658,0.027316993,0,520,66.625,183.2476369,33579.69643,0,0,0,1,0,0,0,0,0,76.14285714,133.25,0.0,4,533,3,0,29200,235,2,32,5433.0,0.0,5433,5433,110000000.0,0.0,110000000,110000000,DoS Slowhttptest
80,5297427,3,1,0,0,0,0,0.0,0.0,0,0,0.0,0.0,0.0,0.755083553,1765809.0,3057714.88,5296554,125,5297427,2648713.5,3744611.946,5296554,873,0,0.0,0.0,0,0,0,0,104,40,0.566312665,0.188770888,0,0,0.0,0.0,0.0,0,0,0,1,0,0,0,0,0,0.0,0.0,0.0,3,0,1,0,29200,28960,0,32,0.0,0.0,0,0,0.0,0.0,0,0,Web Attack - XSS
80,3003830,3,0,0,0,0,0,0.0,0.0,0,0,0.0,0.0,0.0,0.998724961,1501915.0,710005.919,2003965,999865,3003830,1501915.0,710005.919,2003965,999865,0,0.0,0.0,0,0,0,0,120,0,0.998724961,0.0,0,0,0.0,0.0,0.0,0,0,0,1,0,0,0,0,0,0.0,0.0,0.0,3,0,0,0,29200,-1,0,40,0.0,0.0,0,0,0.0,0.0,0,0,DoS slowloris
80,5009673,4,4,536,1840,536,0,134.0,268.0,1840,0,460.0,920.0,474.2824532,1.596910617,715667.5714,1891177.443,5004454,48,5219,1739.666667,2216.452421,4249,49,5009544,1669848.0,2888460.886,5005155,889,0,0,136,136,0.798455308,0.798455308,0,1840,264.0,617.0121555,380704.0,0,0,0,1,0,0,0,0,1,297.0,134.0,460.0,4,536,4,1840,29200,235,1,32,0.0,0.0,0,0,0.0,0.0,0,0,Web Attack - Sql Injection
80,3003589,3,0,0,0,0,0,0.0,0.0,0,0,0.0,0.0,0.0,0.998805096,1501794.5,710200.3734,2003982,999607,3003589,1501794.5,710200.3734,2003982,999607,0,0.0,0.0,0,0,0,0,120,0,0.998805096,0.0,0,0,0.0,0.0,0.0,0,0,0,1,0,0,0,0,0,0.0,0.0,0.0,3,0,0,0,29200,-1,0,40,0.0,0.0,0,0,0.0,0.0,0,0,DoS slowloris
53,48082,2,2,120,284,60,60,60.0,0.0,142,142,142.0,0.0,8402.312716,83.19121501,16027.33333,27713.40066,48028,3,51,51.0,0.0,51,51,3,3.0,0.0,3,3,0,0,40,40,41.5956075,41.5956075,60,142,92.8,44.91324972,2017.2,0,0,0,0,0,0,0,0,1,116.0,60.0,142.0,2,120,2,284,-1,-1,1,20,0.0,0.0,0,0,0.0,0.0,0,0,BENIGN
443,118786964,23,20,2888,6567,1460,0,125.5652174,354.4420489,1460,0,328.35,573.2011014,79.59627624,0.361992584,2828261.048,4416915.768,10000000,21,119000000,5399407.455,4882127.849,10000000,48,113000000,5958381.632,4928381.105,10000000,48,0,0,472,544,0.19362394,0.168368644,0,1460,214.8863636,469.8745115,220782.0566,0,0,0,1,0,0,0,0,0,219.8837209,125.5652174,328.35,23,2888,20,6567,8192,1129,22,20,265850.4167,821115.7776,2873243,28620,9633059.167,1286191.29,10000000,5548863,BENIGN
80,5116588,3,1,0,0,0,0,0.0,0.0,0,0,0.0,0.0,0.0,0.781770977,1705529.333,2953350.732,5115765,150,5116588,2558294.0,3616810.174,5115765,823,0,0.0,0.0,0,0,0,0,104,40,0.586328233,0.195442744,0,0,0.0,0.0,0.0,0,0,0,1,0,0,0,0,0,0.0,0.0,0.0,3,0,1,0,29200,28960,0,32,0.0,0.0,0,0,0.0,0.0,0,0,Web Attack - XSS
443,32991846,30,32,4893,35352,707,0,163.1,279.7552317,2896,0,1104.75,706.3407749,1219.846868,1.879252225,540849.9344,2174291.87,10000000,3,23100000,795323.2414,2579409.316,10100000,211,32900000,1062874.516,2991189.074,10100000,3,0,0,968,1032,0.909315593,0.969936632,0,2896,638.8095238,717.0767687,514199.0922,0,0,0,1,0,0,0,0,1,649.1129032,163.1,1104.75,30,4893,32,35352,29200,316,9,32,1025619.0,1702847.569,2991898,42364,9971662.0,76327.10494,10000000,9885105,BENIGN
10628,36,2,2,4,12,2,2,2.0,0.0,6,6,6.0,0.0,444444.4444,111111.1111,12.0,16.52271164,31,1,1,1.0,0.0,1,1,4,4.0,0.0,4,4,0,0,48,40,55555.55556,55555.55556,2,6,3.6,2.19089023,4.8,0,0,0,1,0,0,0,0,1,4.5,2.0,6.0,2,4,2,12,1024,0,1,24,0.0,0.0,0,0,0.0,0.0,0,0,BENIGN
3261,30,1,1,2,6,2,2,2.0,0.0,6,6,6.0,0.0,266666.6667,66666.66667,30.0,0.0,30,30,0,0.0,0.0,0,0,0,0.0,0.0,0,0,0,0,24,20,33333.33333,33333.33333,2,6,3.333333333,2.309401077,5.333333333,0,0,0,1,0,0,0,0,1,5.0,2.0,6.0,1,2,1,6,1024,0,0,24,0.0,0.0,0,0,0.0,0.0,0,0,PortScan
443,60050350,3,2,18,0,6,6,6.0,0.0,0,0,0.0,0.0,0.2997484611,0.0832634614,15012587.5,21073416.7231174,45000535,299776,60050350,30025175.0,21615313.8488538,45309510,14740840,45300311,45300311.0,0.0,45300311,45300311,0,0,60,64,0.0499580768,0.0333053846,0,6,4.0,3.098386677,9.6,0,0,0,0,1,0,0,0,0,4.8,6.0,0.0,3,18,2,0,64267,15439,2,20,308975.0,0.0,308975,308975,45000535.0,0.0,45000535,45000535,BENIGN
8080,1000160,3,3,0,18,0,0,0.0,0.0,6,6,6.0,0.0,17.99712046,5.999040154,200032.0,273108.1811,499324,506,999609,499804.5,294.8635278,500013,499596,999654,499827.0,67.88225099,499875,499779,0,0,92,60,2.999520077,2.999520077,0,6,2.571428571,3.207134903,10.28571429,0,0,0,1,0,0,0,0,1,3.0,0.0,6.0,3,0,3,18,8192,0,0,28,0.0,0.0,0,0,0.0,0.0,0,0,Bot
8080,72661,4,3,207,134,195,0,51.75,95.54187564,128,0,44.66666667,72.23111056,4693.02652,96.33778781,12110.16667,28649.82499,70588,52,72661,24220.33333,41300.86769,71909,52,71196,35598.0,49483.33255,70588,608,0,0,92,72,55.05016446,41.28762335,0,195,42.625,75.57576615,5711.696429,0,0,0,1,0,0,0,0,0,48.71428571,51.75,44.66666667,4,207,3,134,8192,237,3,20,0.0,0.0,0,0,0.0,0.0,0,0,Bot
80,5907394,3,1,0,0,0,0,0.0,0.0,0,0,0.0,0.0,0.0,0.677117524,1969131.333,3409880.354,5906522,152,5907394,2953697.0,4175925.162,5906522,872,0,0.0,0.0,0,0,0,0,104,40,0.507838143,0.169279381,0,0,0.0,0.0,0.0,0,0,0,1,0,0,0,0,0,0.0,0.0,0.0,3,0,1,0,29200,28960,0,32,0.0,0.0,0,0,0.0,0.0,0,0,Web Attack - Brute Force
80,5561245,3,1,0,0,0,0,0.0,0.0,0,0,0.0,0.0,0.0,0.719263402,1853748.333,3209945.401,5560274,188,5561245,2780622.5,3931020.85,5560274,971,0,0.0,0.0,0,0,0,0,104,40,0.539447552,0.179815851,0,0,0.0,0.0,0.0,0,0,0,1,0,0,0,0,0,0.0,0.0,0.0,3,0,1,0,29200,28960,0,32,0.0,0.0,0,0,0.0,0.0,0,0,Web Attack - Brute Force
444,48450959,7,8,1959,48,963,6,279.8571429,369.4633173,6,6,6.0,0.0,41.42332869,0.309591395,3460782.786,12600000.0,47200000,42,1211280,201880.0,469521.0107,1159621,453,48500000,6921524.143,17800000.0,47200000,714,1,0,140,160,0.144475984,0.165115411,6,963,129.1875,271.3075054,73607.7625,0,1,0,0,1,0,0,0,1,137.8,279.8571429,6.0,7,1959,8,48,255,1452,6,20,0.0,0.0,0,0,0.0,0.0,0,0,Infiltration
22,13218309,21,32,2008,2745,640,0,95.61904762,140.0451628,976,0,85.78125,220.240592,359.5770079,4.009590032,254198.25,684533.0068,2412438,20,11000000,548020.45,960493.3452,2464107,273,13200000,426392.6129,849011.3957,2412438,20,0,0,680,1032,1.588705484,2.420884547,0,976,88.01851852,189.5902723,35944.47135,0,0,0,1,0,0,0,0,1,89.67924528,95.61904762,85.78125,21,2008,32,2745,29200,247,16,32,0.0,0.0,0,0,0.0,0.0,0,0,SSH-Patator
53445,41,1,1,6,6,6,6,6.0,0.0,6,6,6.0,0.0,292682.9268,48780.4878,41.0,0.0,41,41,0,0.0,0.0,0,0,0,0.0,0.0,0,0,0,0,20,20,24390.2439,24390.2439,6,6,6.0,0.0,0.0,0,0,0,0,1,1,0,0,1,9.0,6.0,6.0,1,6,1,6,237,256,0,20,0.0,0.0,0,0,0.0,0.0,0,0,Bot
1700,47,1,1,2,6,2,2,2.0,0.0,6,6,6.0,0.0,170212.766,42553.19149,47.0,0.0,47,47,0,0.0,0.0,0,0,0,0.0,0.0,0,0,0,0,24,20,21276.59574,21276.59574,2,6,3.333333333,2.309401077,5.333333333,0,0,0,1,0,0,0,0,1,5.0,2.0,6.0,1,2,1,6,1024,0,0,24,0.0,0.0,0,0,0.0,0.0,0,0,PortScan
57555,4,2,0,0,0,0,0,0.0,0.0,0,0,0.0,0.0,0.0,500000.0,4.0,0.0,4,4,4,4.0,0.0,4,4,0,0.0,0.0,0,0,0,0,64,0,500000.0,0.0,0,0,0.0,0.0,0.0,0,0,0,0,1,0,0,0,0,0.0,0.0,0.0,2,0,0,0,6452,-1,0,32,0.0,0.0,0,0,0.0,0.0,0,0,BENIGN
80,7486760,5,4,308,3525,308,0,61.6,137.7417874,3525,0,881.25,1762.5,511.9704652,1.202122146,935845.0,1858596.931,5002389,74,2484371,621092.75,1241498.175,2483340,222,7486686,2495562.0,2501248.748,5003274,827,0,0,168,136,0.667845637,0.534276509,0,3525,383.3,1108.116525,1227922.233,0,0,0,1,0,0,0,0,0,425.8888889,61.6,881.25,5,308,4,3525,29200,235,1,32,0.0,0.0,0,0,0.0,0.0,0,0,DoS GoldenEye
444,101039258,26,26,5810,156,1177,6,223.4615385,324.5229398,6,6,6.0,0.0,59.04635602,0.514651444,1981161.922,8701276.406,55000000,31,101000000,4041554.32,12200000.0,55000000,411,101000000,4041546.56,12200000.0,55000000,528,1,0,520,520,0.257325722,0.257325722,6,1177,113.245283,250.1431825,62571.61176,0,1,0,0,1,0,0,0,1,115.4230769,223.4615385,6.0,26,5810,26,156,255,1452,25,20,558285.6667,10919.81636,570883,551515,32900000.0,19100000.0,55000000,21600000,Infiltration
80,5043122,4,0,24,0,6,6,6.0,0.0,0,0,0.0,0.0,4.758956853,0.793159475,1681040.667,2911104.846,5042495,311,5043122,1681040.667,2911104.846,5042495,311,0,0.0,0.0,0,0,0,0,80,0,0.793159475,0.0,6,6,6.0,0.0,0.0,0,0,0,0,1,0,0,0,0,7.5,6.0,0.0,4,24,0,0,256,-1,3,20,627.0,0.0,627,627,5042495.0,0.0,5042495,5042495,DDoS
21,8786419,9,15,109,188,24,0,12.11111111,9.803627447,34,0,12.53333333,14.54975045,33.80216673,2.731488221,382018.2174,995266.9049,3200774,3,5542787,692848.375,1282983.545,2898674,49,8786275,627591.0714,1228969.896,3200774,3,0,0,296,488,1.024308083,1.707180138,0,34,11.88,12.71586935,161.6933333,0,0,0,1,0,0,0,0,1,12.375,12.11111111,12.53333333,9,109,15,188,29200,227,6,32,0.0,0.0,0,0,0.0,0.0,0,0,FTP-Patator
80,9794982,8,5,469,11632,469,0,58.625,165.8165402,7288,0,2326.4,3351.290617,1235.428508,1.327210198,816248.5,1906181.127,4999687,44,4795295,685042.1429,1811554.242,4793261,194,9794932,2448733.0,2828269.161,5001543,127,0,0,264,168,0.816744737,0.510465461,0,7288,864.3571429,2179.372796,4749665.786,0,0,0,1,0,0,0,0,0,930.8461538,58.625,2326.4,8,469,5,11632,29200,235,1,32,0.0,0.0,0,0,0.0,0.0,0,0,DoS GoldenEye
52830,4,2,0,0,0,0,0,0.0,0.0,0,0,0.0,0.0,0.0,500000.0,4.0,0.0,4,4,4,4.0,0.0,4,4,0,0.0,0.0,0,0,0,0,40,0,500000.0,0.0,0,0,0.0,0.0,0.0,0,0,0,0,1,0,0,0,0,0.0,0.0,0.0,2,0,0,0,42,-1,0,20,0.0,0.0,0,0,0.0,0.0,0,0,BENIGN
80,10540120,7,5,390,11632,390,0,55.71428571,147.4061445,7288,0,2326.4,3351.290617,1140.594225,1.138506962,958192.7273,2134524.858,5534838,16,5537421,922903.5,2259751.046,5535601,214,10500000,2635026.0,3049656.318,5534838,162,0,0,232,168,0.664129061,0.474377901,0,7288,924.7692308,2254.990841,5084983.692,0,0,0,1,0,0,0,0,0,1001.833333,55.71428571,2326.4,7,390,5,11632,29200,235,1,32,1099.0,0.0,1099,1099,5534838.0,0.0,5534838,5534838,DoS GoldenEye
60722,98205820,7,5,11595,384,5792,0,1656.428571,2429.118623,372,0,76.8,165.0490836,121.9785141,0.122192351,8927801.818,29600000.0,98200000,2,98200000,16400000.0,40100000.0,98200000,2,98200000,24600000.0,49100000.0,98200000,295,0,0,232,144,0.071278871,0.050913479,0,5792,921.4615385,1908.539172,3642521.769,0,0,0,0,1,0,0,0,0,998.25,1656.428571,76.8,7,11595,5,384,235,229,3,32,13839.0,0.0,13839,13839,98200000.0,0.0,98200000,98200000,BENIGN
80,63102557,7,0,0,0,0,0,0.0,0.0,0,0,0.0,0.0,0.0,0.110930529,10500000.0,11900000.0,32100000,999178,63100000,10500000.0,11900000.0,32100000,999178,0,0.0,0.0,0,0,0,0,280,0,0.110930529,0.0,0,0,0.0,0.0,0.0,0,0,0,1,0,0,0,0,0,0.0,0.0,0.0,7,0,0,0,29200,-1,0,40,7006909.0,0.0,7006909,7006909,18700000.0,12200000.0,32100000,8016200,DoS Slowhttptest
80,5009142,3,1,0,0,0,0,0.0,0.0,0,0,0.0,0.0,0.0,0.79853995,1669714.0,2891274.325,5008270,126,5009142,2504571.0,3540765.082,5008270,872,0,0.0,0.0,0,0,0,0,104,40,0.598904962,0.199634987,0,0,0.0,0.0,0.0,0,0,0,1,0,0,0,0,0,0.0,0.0,0.0,3,0,1,0,29200,28960,0,32,0.0,0.0,0,0,0.0,0.0,0,0,Web Attack - Brute Force
80,5365414,3,1,0,0,0,0,0.0,0.0,0,0,0.0,0.0,0.0,0.74551563,1788471.333,3096960.265,5364533,126,5365414,2682707.0,3792674.701,5364533,881,0,0.0,0.0,0,0,0,0,104,40,0.559136723,0.186378908,0,0,0.0,0.0,0.0,0,0,0,1,0,0,0,0,0,0.0,0.0,0.0,3,0,1,0,29200,28960,0,32,0.0,0.0,0,0,0.0,0.0,0,0,Web Attack - XSS
22,13385319,21,31,2008,2745,640,0,95.61904762,140.0451628,976,0,88.5483871,223.315,355.0905287,3.884853249,262457.2353,700656.749,2462782,3,11000000,549945.05,966230.0198,2508873,327,13400000,446173.8333,872838.3214,2462782,3,0,0,680,1000,1.568883043,2.315970206,0,976,89.67924528,191.0076291,36483.91437,0,0,0,1,0,0,0,0,1,91.40384615,95.61904762,88.5483871,21,2008,31,2745,29200,247,16,32,0.0,0.0,0,0,0.0,0.0,0,0,SSH-Patator
80,2055955,4,0,24,0,6,6,6.0,0.0,0,0,0.0,0.0,11.67340725,1.945567875,685318.3333,1186181.811,2055003,3,2055955,685318.3333,1186181.811,2055003,3,0,0.0,0.0,0,0,0,0,80,0,1.945567875,0.0,6,6,6.0,0.0,0.0,0,0,0,0,1,0,0,0,0,7.5,6.0,0.0,4,24,0,0,256,-1,3,20,0.0,0.0,0,0,0.0,0.0,0,0,DDoS
80,10528037,9,5,428,11632,428,0,47.55555556,142.6666667,7288,0,2326.4,3351.290617,1145.512691,1.329782561,809849.0,1978886.732,5525383,1,5529220,691152.5,1954142.741,5527409,1,10500000,2631998.5,3046065.008,5525383,160,0,0,296,168,0.854860218,0.474922343,0,7288,804.0,2112.416085,4462301.714,0,0,0,1,0,0,0,0,0,861.4285714,47.55555556,2326.4,9,428,5,11632,29200,235,1,32,960.0,0.0,960,960,5525383.0,0.0,5525383,5525383,DoS GoldenEye
21,228,2,1,14,0,14,0,7.0,9.899494937,0,0,0.0,0.0,61403.50877,13157.89474,114.0,36.76955262,140,88,228,228.0,0.0,228,228,0,0.0,0.0,0,0,1,0,64,20,8771.929825,4385.964912,0,14,7.0,8.082903769,65.33333333,0,1,0,0,1,0,0,0,0,9.333333333,7.0,0.0,2,14,1,0,229,0,0,32,0.0,0.0,0,0,0.0,0.0,0,0,FTP-Patator
80,5221641,3,1,0,0,0,0,0.0,0.0,0,0,0.0,0.0,0.0,0.766042706,1740547.0,3013170.945,5219857,127,5221641,2610820.5,3689734.803,5219857,1784,0,0.0,0.0,0,0,0,0,104,40,0.574532029,0.191510676,0,0,0.0,0.0,0.0,0,0,0,1,0,0,0,0,0,0.0,0.0,0.0,3,0,1,0,29200,28960,0,32,0.0,0.0,0,0,0.0,0.0,0,0,Web Attack - XSS
80,103580645,15,3,2390,6,239,0,159.3333333,115.4826311,6,0,2.0,3.464101615,23.1317347,0.17377764,6092979.118,12900000.0,51300000,28,104000000,7398615.5,13900000.0,51300000,541,103000000,51300000.0,28100000.0,71200000,31400000,0,0,496,100,0.1448147,0.02896294,0,239,126.1052632,121.4271134,14744.54386,0,0,0,1,0,0,0,0,0,133.1111111,159.3333333,2.0,15,2390,3,6,29200,0,11,32,3703061.0,5236234.609,7405638,484,19200000.0,18800000.0,51300000,5775582,DoS slowloris
80,5229456,3,1,0,0,0,0,0.0,0.0,0,0,0.0,0.0,0.0,0.764897917,1743152.0,3018464.012,5228574,122,5229456,2614728.0,3696536.463,5228574,882,0,0.0,0.0,0,0,0,0,104,40,0.573673438,0.191224479,0,0,0.0,0.0,0.0,0,0,0,1,0,0,0,0,0,0.0,0.0,0.0,3,0,1,0,29200,28960,0,32,0.0,0.0,0,0,0.0,0.0,0,0,Web Attack - XSS
22,91,1,1,0,0,0,0,0.0,0.0,0,0,0.0,0.0,0.0,21978.02198,91.0,0.0,91,91,0,0.0,0.0,0,0,0,0.0,0.0,0,0,0,0,32,32,10989.01099,10989.01099,0,0,0.0,0.0,0.0,0,0,0,0,1,1,0,0,1,0.0,0.0,0.0,1,0,1,0,259,247,0,32,0.0,0.0,0,0,0.0,0.0,0,0,SSH-Patator
21,8826273,9,15,104,188,23,0,11.55555556,9.193898943,34,0,12.53333333,14.54975045,33.08304649,2.719154506,383751.0,994687.5096,3079517,3,5704026,713003.25,1314600.216,2968124,3,8826157,630439.7857,1227561.094,3079517,3,0,0,296,488,1.01968294,1.699471566,0,34,11.68,12.56224502,157.81,0,0,0,1,0,0,0,0,1,12.16666667,11.55555556,12.53333333,9,104,15,188,29200,227,6,32,0.0,0.0,0,0,0.0,0.0,0,0,FTP-Patator
80,11413404,8,6,496,11632,496,0,62.0,175.3624817,7240,0,1938.666667,2850.644465,1062.610243,1.226627919,877954.1538,2160957.229,6411033,3,6417814,916830.5714,2424446.345,6414958,3,11400000,2282670.0,3164675.528,6411033,47,0,0,264,200,0.70093024,0.52569768,0,7240,808.5333333,1957.067116,3830111.695,0,0,0,1,0,0,0,0,0,866.2857143,62.0,1938.666667,8,496,6,11632,29200,235,1,32,939.0,0.0,939,939,6411033.0,0.0,6411033,6411033,DoS GoldenEye
53,61750,4,4,184,568,46,46,46.0,0.0,142,142,142.0,0.0,12178.13765,129.5546559,8821.428571,15003.66987,31015,3,61577,20525.66667,35545.43535,61570,3,30732,10244.0,17737.93232,30726,3,0,0,80,80,64.77732794,64.77732794,46,142,88.66666667,50.59644256,2560.0,0,0,0,0,0,0,0,0,1,99.75,46.0,142.0,4,184,4,568,-1,-1,3,20,0.0,0.0,0,0,0.0,0.0,0,0,BENIGN
80,10880410,10,5,469,11680,469,0,46.9,148.3108223,11632,0,2336.0,5196.663545,1116.593952,1.378624519,777172.1429,1976449.083,5876027,0,5909452,656605.7778,1964320.732,5894780,0,10900000,2720098.0,3153786.941,5876027,704,0,0,340,168,0.919083012,0.459541506,0,11632,759.3125,2901.732832,8420053.429,0,0,0,1,0,0,0,0,0,809.9333333,46.9,2336.0,10,469,5,11680,29200,235,1,32,722.0,0.0,722,722,5876027.0,0.0,5876027,5876027,DoS GoldenEye
60280,53,1,1,0,0,0,0,0.0,0.0,0,0,0.0,0.0,0.0,37735.8490566038,53.0,0.0,53,53,0,0.0,0.0,0,0,0,0.0,0.0,0,0,0,0,32,32,18867.9245283019,18867.9245283019,0,0,0.0,0.0,0.0,0,0,0,0,1,1,0,0,1,0.0,0.0,0.0,1,0,1,0,180,339,0,32,0.0,0.0,0,0,0.0,0.0,0,0,BENIGN
21,248,2,1,14,0,14,0,7.0,9.899494937,0,0,0.0,0.0,56451.6129,12096.77419,124.0,98.99494937,194,54,248,248.0,0.0,248,248,0,0.0,0.0,0,0,1,0,64,20,8064.516129,4032.258065,0,14,7.0,8.082903769,65.33333333,0,1,0,0,1,0,0,0,0,9.333333333,7.0,0.0,2,14,1,0,229,0,0,32,0.0,0.0,0,0,0.0,0.0,0,0,FTP-Patator
53,202,2,2,60,264,30,30,30.0,0.0,132,132,132.0,0.0,1603960.3960396,19801.9801980198,67.3333333333,76.8461666795,152,2,48,48.0,0.0,48,48,2,2.0,0.0,2,2,0,0,40,40,9900.9900990099,9900.9900990099,30,132,70.8,55.8677008655,3121.2,0,0,0,0,0,0,0,0,1,88.5,30.0,132.0,2,60,2,264,-1,-1,1,20,0.0,0.0,0,0,0.0,0.0,0,0,BENIGN
2601,61,1,1,0,6,0,0,0.0,0.0,6,6,6.0,0.0,98360.65574,32786.88525,61.0,0.0,61,61,0,0.0,0.0,0,0,0,0.0,0.0,0,0,0,0,40,20,16393.44262,16393.44262,0,6,2.0,3.464101615,12.0,0,0,0,1,0,0,0,0,1,3.0,0.0,6.0,1,0,1,6,29200,0,0,40,0.0,0.0,0,0,0.0,0.0,0,0,PortScan
53347,38,1,1,6,6,6,6,6.0,0.0,6,6,6.0,0.0,315789.4737,52631.57895,38.0,0.0,38,38,0,0.0,0.0,0,0,0,0.0,0.0,0,0,0,0,20,20,26315.78947,26315.78947,6,6,6.0,0.0,0.0,0,0,0,0,1,1,0,0,1,9.0,6.0,6.0,1,6,1,6,237,256,0,20,0.0,0.0,0,0,0.0,0.0,0,0,Bot
27352,53,1,1,2,6,2,2,2.0,0.0,6,6,6.0,0.0,150943.3962,37735.84906,53.0,0.0,53,53,0,0.0,0.0,0,0,0,0.0,0.0,0,0,0,0,24,20,18867.92453,18867.92453,2,6,3.333333333,2.309401077,5.333333333,0,0,0,1,0,0,0,0,1,5.0,2.0,6.0,1,2,1,6,1024,0,0,24,0.0,0.0,0,0,0.0,0.0,0,0,PortScan
8080,72972,4,3,207,134,195,0,51.75,95.54187564,128,0,44.66666667,72.23111056,4673.02527,95.92720496,12162.0,28725.58242,70793,48,72972,24324.0,41599.47053,72358,48,71413,35706.5,49619.80416,70793,620,0,0,92,72,54.81554569,41.11165927,0,195,42.625,75.57576615,5711.696429,0,0,0,1,0,0,0,0,0,48.71428571,51.75,44.66666667,4,207,3,134,8192,237,3,20,0.0,0.0,0,0,0.0,0.0,0,0,Bot
53,66036,1,1,47,63,47,47,47.0,0.0,63,63,63.0,0.0,1665.758071,30.28651039,66036.0,0.0,66036,66036,0,0.0,0.0,0,0,0,0.0,0.0,0,0,0,0,44,20,15.14325519,15.14325519,47,63,52.33333333,9.237604307,85.33333333,0,0,0,0,0,0,0,0,1,78.5,47.0,63.0,1,47,1,63,-1,-1,0,44,0.0,0.0,0,0,0.0,0.0,0,0,BENIGN
389,70129620,148,83,22992,33844,1313,0,155.3513514,202.4948094,3069,0,407.7590361,403.1172918,810.4421498,3.293900637,304911.3913,1458532.186,12000000,1,70100000,477072.2449,1803881.073,12000000,1,70100000,854764.6463,2359200.572,12000000,3,0,0,4752,2672,2.110377897,1.18352274,0,3069,244.9827586,314.1751788,98706.04299,0,0,0,1,0,0,0,0,0,246.04329,155.3513514,407.7590361,148,22992,83,33844,29200,2080,80,32,4967197.6,3790476.844,8612934,38702,9050801.0,2400074.146,12000000,5716983,BENIGN
3914,12,1,1,2,6,2,2,2.0,0.0,6,6,6.0,0.0,666666.6667,166666.6667,12.0,0.0,12,12,0,0.0,0.0,0,0,0,0.0,0.0,0,0,0,0,24,20,83333.33333,83333.33333,2,6,3.333333333,2.309401077,5.333333333,0,0,0,1,0,0,0,0,1,5.0,2.0,6.0,1,2,1,6,1024,0,0,24,0.0,0.0,0,0,0.0,0.0,0,0,PortScan
80,108943170,4,3,359,0,351,0,89.75,174.2074912,0,0,0.0,0.0,3.29529607,0.064253684,18200000.0,44500000.0,109000000,23,109000000,36300000.0,62900000.0,109000000,644,109000000,54500000.0,77000000.0,109000000,5259,0,0,136,104,0.036716391,0.027537293,0,351,44.875,123.7248531,15307.83929,0,0,0,1,0,0,0,0,0,51.28571429,89.75,0.0,4,359,3,0,29200,235,2,32,5282.0,0.0,5282,5282,109000000.0,0.0,109000000,109000000,DoS Slowhttptest
80,5807017,3,1,0,0,0,0,0.0,0.0,0,0,0.0,0.0,0.0,0.688821817,1935672.333,3351582.153,5805746,95,5807017,2903508.5,4104383.634,5805746,1271,0,0.0,0.0,0,0,0,0,104,40,0.516616363,0.172205454,0,0,0.0,0.0,0.0,0,0,0,1,0,0,0,0,0,0.0,0.0,0.0,3,0,1,0,29200,28960,0,32,0.0,0.0,0,0,0.0,0.0,0,0,Web Attack - Brute Force
8500,79,1,1,0,6,0,0,0.0,0.0,6,6,6.0,0.0,75949.36709,25316.4557,79.0,0.0,79,79,0,0.0,0.0,0,0,0,0.0,0.0,0,0,0,0,40,20,12658.22785,12658.22785,0,6,2.0,3.464101615,12.0,0,0,0,1,0,0,0,0,1,3.0,0.0,6.0,1,0,1,6,29200,0,0,40,0.0,0.0,0,0,0.0,0.0,0,0,PortScan
80,11960462,5,4,301,3525,301,0,60.2,134.6112922,3525,0,881.25,1762.5,319.8873087,0.752479294,1495057.75,2815703.855,6955712,3,6960767,1740191.75,3479946.177,6960111,3,12000000,3986809.0,3587376.359,6955712,662,0,0,168,136,0.418044052,0.334435242,0,3525,382.6,1108.171587,1228044.267,0,0,0,1,0,0,0,0,0,425.1111111,60.2,881.25,5,301,4,3525,29200,235,1,32,697.0,0.0,697,697,6955712.0,0.0,6955712,6955712,DoS GoldenEye
80,84994274,6,6,372,11595,354,0,62.0,143.080397,8688,0,1932.5,3506.021777,140.7977201,0.141185982,7726752.182,25600000.0,84800000,1,84900000,17000000.0,37900000.0,84800000,1,85000000,17000000.0,37900000.0,84800000,188,0,0,164,200,0.070592991,0.070592991,0,8688,921.0,2465.877261,6080550.667,1,0,0,0,0,0,0,0,1,997.75,62.0,1932.5,6,372,6,11595,0,235,3,20,12017.0,0.0,12017,12017,84800000.0,0.0,84800000,84800000,DoS Hulk
80,101995070,12,7,1900,11595,380,0,158.3333333,195.6728872,5792,0,1656.428571,2118.227235,132.3103166,0.186283514,5666392.778,23600000.0,100000000,0,102000000,9272173.727,30200000.0,100000000,0,1675909,279318.1667,683654.9862,1674823,45,0,0,392,232,0.117652745,0.068630768,0,5792,674.75,1409.43919,1986518.829,0,0,0,0,1,0,0,0,0,710.2631579,158.3333333,1656.428571,12,1900,7,11595,296,235,5,32,990.0,0.0,990,990,100000000.0,0.0,100000000,100000000,DoS Hulk
443,4991291,7,4,386,3378,236,0,55.1428571429,91.6795661919,1867,0,844.5,960.4111966583,754.1135149203,2.2038386462,499129.1,1518684.66839334,4821012,63,4991291,831881.833333333,1954504.18923771,4821012,3249,86769,28923.0,24915.7065522935,44964,219,0,0,152,92,1.4024427748,0.8013958713,0,1867,313.6666666667,640.3808999101,410087.696969697,0,0,0,1,0,0,0,0,0,342.1818181818,55.1428571429,844.5,7,386,4,3378,8192,60,6,20,0.0,0.0,0,0,0.0,0.0,0,0,BENIGN
8080,997356,3,3,0,18,0,0,0.0,0.0,6,6,6.0,0.0,18.04771817,6.015906056,199471.2,272198.5193,498503,614,996609,498304.5,1266.428245,499200,497409,996742,498371.0,1243.093721,499250,497492,0,0,92,60,3.007953028,3.007953028,0,6,2.571428571,3.207134903,10.28571429,0,0,0,1,0,0,0,0,1,3.0,0.0,6.0,3,0,3,18,8192,0,0,28,0.0,0.0,0,0,0.0,0.0,0,0,Bot
80,11393316,9,5,321,11632,321,0,35.66666667,107.0,7288,0,2326.4,3351.290617,1049.12389,1.228790635,876408.9231,1938178.557,5385222,95,6386469,798308.625,1886250.628,5386043,209,10400000,2598993.5,3003773.497,5385222,126,0,0,304,168,0.789936837,0.438853798,0,7288,796.8666667,2113.956577,4468812.41,0,0,0,1,0,0,0,0,0,853.7857143,35.66666667,2326.4,9,321,5,11632,29200,235,1,32,999334.0,0.0,999334,999334,5385222.0,0.0,5385222,5385222,DoS GoldenEye
10000,67,2,2,4,12,2,2,2.0,0.0,6,6,6.0,0.0,238805.9701,59701.49254,22.33333333,23.797759,48,1,1,1.0,0.0,1,1,48,48.0,0.0,48,48,0,0,48,40,29850.74627,29850.74627,2,6,3.6,2.19089023,4.8,0,0,0,1,0,0,0,0,1,4.5,2.0,6.0,2,4,2,12,1024,0,1,24,0.0,0.0,0,0,0.0,0.0,0,0,BENIGN
444,2030,2,0,12,0,6,6,6.0,0.0,0,0,0.0,0.0,5911.330049,985.2216749,2030.0,0.0,2030,2030,2030,2030.0,0.0,2030,2030,0,0.0,0.0,0,0,0,0,40,0,985.2216749,0.0,6,6,6.0,0.0,0.0,0,0,0,0,1,0,0,0,0,9.0,6.0,0.0,2,12,0,0,255,-1,1,20,0.0,0.0,0,0,0.0,0.0,0,0,Infiltration
444,119992821,2252,2250,929308,13500,1272,6,412.6589698,304.9632397,6,6,6.0,0.0,7857.203391,37.51891124,26659.14708,478609.8093,30300000,1,120000000,53306.45091,676742.9543,30300000,113,120000000,53339.03112,676148.0116,30300000,476,0,0,45040,45000,18.76778945,18.75112179,6,1272,209.3746391,296.4006569,87853.3494,0,0,0,0,1,0,0,0,0,209.4211462,412.6589698,6.0,2252,929308,2250,13500,3294,3294,2251,20,34300000.0,11400000.0,42400000,26200000,19400000.0,15500000.0,30300000,8400626,Infiltration
58692,1207,1,1,0,0,0,0,0.0,0.0,0,0,0.0,0.0,0.0,1657.000829,1207.0,0.0,1207,1207,0,0.0,0.0,0,0,0,0.0,0.0,0,0,0,0,32,32,828.5004143,828.5004143,0,0,0.0,0.0,0.0,0,0,0,0,1,0,0,0,1,0.0,0.0,0.0,1,0,1,0,122,33304,0,32,0.0,0.0,0,0,0.0,0.0,0,0,BENIGN
80,99672813,6,6,355,11595,355,0,59.16666667,144.9281431,7240,0,1932.5,2695.639126,119.8922719,0.120393913,9061164.818,30000000.0,99600000,1,99600000,19900000.0,44600000.0,99600000,1,43611,8722.2,14343.59996,33207,90,0,0,200,200,0.060196957,0.060196957,0,7240,919.2307692,1997.517341,3990075.526,0,0,0,0,1,0,0,0,1,995.8333333,59.16666667,1932.5,6,355,6,11595,251,235,1,32,4.0,0.0,4,4,99600000.0,0.0,99600000,99600000,DoS Hulk
4190,79,1,1,6,6,6,6,6.0,0.0,6,6,6.0,0.0,151898.7342,25316.4557,79.0,0.0,79,79,0,0.0,0.0,0,0,0,0.0,0.0,0,0,0,0,20,20,12658.22785,12658.22785,6,6,6.0,0.0,0.0,0,0,0,0,1,1,0,0,1,9.0,6.0,6.0,1,6,1,6,237,256,0,20,0.0,0.0,0,0,0.0,0.0,0,0,Bot
53,30848,2,2,168,332,84,84,84.0,0.0,166,166,166.0,0.0,16208.5062240664,129.6680497925,10282.6666666667,17804.038933156,30841,3,3,3.0,0.0,3,3,4,4.0,0.0,4,4,0,0,64,40,64.8340248963,64.8340248963,84,166,116.8,44.9132497154,2017.2,0,0,0,0,0,0,0,0,1,146.0,84.0,166.0,2,168,2,332,-1,-1,1,32,0.0,0.0,0,0,0.0,0.0,0,0,BENIGN
80,12415,1,3,0,1983,0,0,0.0,0.0,1448,0,661.0,732.1768912,159726.1377,322.1908981,4138.333333,7115.037198,12354,1,0,0.0,0.0,0,0,61,30.5,41.71930009,60,1,0,0,32,96,80.54772453,241.6431736,0,1448,396.6,631.7577067,399117.8,0,0,0,0,1,1,0,0,3,495.75,0.0,661.0,1,0,3,1983,229,235,0,32,0.0,0.0,0,0,0.0,0.0,0,0,DoS Slowhttptest
80,119015915,2,2,16,0,8,8,8.0,0.0,0,0,0.0,0.0,0.134435802,0.033608951,39700000.0,68700000.0,119000000,61,119000000,119000000.0,0.0,119000000,119000000,119000000,119000000.0,0.0,119000000,119000000,1,0,64,64,0.016804475,0.016804475,0,8,4.8,4.38178046,19.2,0,1,0,0,1,0,0,0,1,6.0,8.0,0.0,2,16,2,0,229,235,1,32,82.0,0.0,82,82,119000000.0,0.0,119000000,119000000,DoS slowloris
80,63105843,7,0,0,0,0,0,0.0,0.0,0,0,0.0,0.0,0.0,0.110924752,10500000.0,11900000.0,32100000,998462,63100000,10500000.0,11900000.0,32100000,998462,0,0.0,0.0,0,0,0,0,280,0,0.110924752,0.0,0,0,0.0,0.0,0.0,0,0,0,1,0,0,0,0,0,0.0,0.0,0.0,7,0,0,0,29200,-1,0,40,7010433.0,0.0,7010433,7010433,18700000.0,12200000.0,32100000,8015903,DoS Slowhttptest
21,367,2,1,14,0,14,0,7.0,9.899494937,0,0,0.0,0.0,38147.13896,8174.386921,183.5,176.0695885,308,59,367,367.0,0.0,367,367,0,0.0,0.0,0,0,1,0,64,20,5449.591281,2724.79564,0,14,7.0,8.082903769,65.33333333,0,1,0,0,1,0,0,0,0,9.333333333,7.0,0.0,2,14,1,0,229,0,0,32,0.0,0.0,0,0,0.0,0.0,0,0,FTP-Patator
444,104790355,15,15,5066,90,1036,6,337.7333333,402.1434475,6,6,6.0,0.0,49.20300155,0.28628589,3613460.517,19200000.0,104000000,63,105000000,7484994.357,27700000.0,104000000,446,105000000,7485002.071,27700000.0,104000000,653,1,0,300,300,0.143142945,0.143142945,6,1036,168.2580645,321.5345464,103384.4645,0,1,0,0,1,0,0,0,1,173.8666667,337.7333333,6.0,15,5066,15,90,255,1452,14,20,571580.0,0.0,571580,571580,104000000.0,0.0,104000000,104000000,Infiltration
80,98789873,7,7,401,11595,377,0,57.28571429,141.0091182,5792,0,1656.428571,2429.118623,121.4294506,0.141714931,7599221.0,27400000.0,98800000,1,98800000,16500000.0,40300000.0,98800000,1,98800000,16500000.0,40300000.0,98800000,3,0,0,184,232,0.070857465,0.070857465,0,5792,800.1333333,1795.810635,3224935.838,1,0,0,0,0,0,0,0,1,857.2857143,57.28571429,1656.428571,7,401,7,11595,0,235,4,20,15002.0,0.0,15002,15002,98800000.0,0.0,98800000,98800000,DoS Hulk
80,63108285,7,0,0,0,0,0,0.0,0.0,0,0,0.0,0.0,0.0,0.11092046,10500000.0,11900000.0,32100000,996981,63100000,10500000.0,11900000.0,32100000,996981,0,0.0,0.0,0,0,0,0,280,0,0.11092046,0.0,0,0,0.0,0.0,0.0,0,0,0,1,0,0,0,0,0,0.0,0.0,0.0,7,0,0,0,29200,-1,0,40,7012638.0,0.0,7012638,7012638,18700000.0,12200000.0,32100000,8015964,DoS Slowhttptest
443,4752052,8,7,327,4050,201,0,40.875,78.29511479,1460,0,578.5714286,633.6220896,921.0757795,3.156531115,339432.2857,720537.2767,2488388,11,4752052,678864.5714,929042.417,2488388,41018,2178175,363029.1667,580794.3174,1497190,47,0,0,184,152,1.683483262,1.473047854,0,1460,273.5625,490.6437905,240731.3292,0,0,0,1,0,0,0,0,0,291.8,40.875,578.5714286,8,327,7,4050,8192,60,2,20,0.0,0.0,0,0,0.0,0.0,0,0,BENIGN
53,81060025,2,2,97,217,52,45,48.5,4.949747468,114,103,108.5,7.778174593,3.873672627,0.049346148,27000000.0,46800000.0,81000000,24016,81000000,81000000.0,0.0,81000000,81000000,81000000,81000000.0,0.0,81000000,81000000,0,0,52,52,0.024673074,0.024673074,45,114,71.8,33.8481905,1145.7,0,0,0,0,0,0,0,0,1,89.75,48.5,108.5,2,97,2,217,-1,-1,1,20,31373.0,0.0,31373,31373,81000000.0,0.0,81000000,81000000,BENIGN
444,119297996,2782,2089,9368,7882432,1448,0,3.36736161,30.50502966,17376,0,3773.303973,2372.06653,66151.99135,40.83052661,24496.50842,153244.6799,995302,0,119000000,42897.49874,201057.4173,998229,0,119000000,57135.03448,230051.9919,995302,2,0,0,89024,66848,23.31975468,17.51077193,0,17376,1620.124795,2427.68666,5893662.519,0,0,0,0,1,0,0,0,0,1620.457401,3.36736161,3773.303973,2782,9368,2089,7882432,235,235,120,32,0.0,0.0,0,0,0.0,0.0,0,0,Heartbleed
53,450,1,1,46,107,46,46,46.0,0.0,107,107,107.0,0.0,340000.0,4444.444444,450.0,0.0,450,450,0,0.0,0.0,0,0,0,0.0,0.0,0,0,0,0,20,20,2222.222222,2222.222222,46,107,66.33333333,35.21836642,1240.333333,0,0,0,0,0,0,0,0,1,99.5,46.0,107.0,1,46,1,107,-1,-1,0,20,0.0,0.0,0,0,0.0,0.0,0,0,BENIGN
80,52052366,2,0,0,0,0,0,0.0,0.0,0,0,0.0,0.0,0.0,0.038422845,52100000.0,0.0,52100000,52100000,52100000,52100000.0,0.0,52100000,52100000,0,0.0,0.0,0,0,0,0,64,0,0.038422845,0.0,0,0,0.0,0.0,0.0,0,0,0,0,1,0,0,0,0,0.0,0.0,0.0,2,0,0,0,296,-1,0,32,0.0,0.0,0,0,52100000.0,0.0,52100000,52100000,DoS GoldenEye
22,11612184,22,33,2008,2745,640,0,91.27272727,138.1821372,976,0,83.18181818,217.2857356,409.3114611,4.736404452,215040.4444,583614.0522,2095589,18,9715147,462626.0476,829004.3003,2164456,598,11600000,362879.125,726031.1223,2095589,18,0,0,712,1064,1.894561781,2.841842671,0,976,84.875,186.8396554,34909.05682,0,0,0,1,0,0,0,0,1,86.41818182,91.27272727,83.18181818,22,2008,33,2745,29200,247,16,32,0.0,0.0,0,0,0.0,0.0,0,0,SSH-Patator
59898,34,1,1,6,6,6,6,6.0,0.0,6,6,6.0,0.0,352941.176470588,58823.5294117647,34.0,0.0,34,34,0,0.0,0.0,0,0,0,0.0,0.0,0,0,0,0,20,20,29411.7647058824,29411.7647058824,6,6,6.0,0.0,0.0,0,0,0,0,1,1,0,0,1,9.0,6.0,6.0,1,6,1,6,343,257,0,20,0.0,0.0,0,0,0.0,0.0,0,0,BENIGN
2381,63,1,1,2,6,2,2,2.0,0.0,6,6,6.0,0.0,126984.127,31746.03175,63.0,0.0,63,63,0,0.0,0.0,0,0,0,0.0,0.0,0,0,0,0,24,20,15873.01587,15873.01587,2,6,3.333333333,2.309401077,5.333333333,0,0,0,1,0,0,0,0,1,5.0,2.0,6.0,1,2,1,6,1024,0,0,24,0.0,0.0,0,0,0.0,0.0,0,0,PortScan
53,61412,2,2,84,198,42,42,42.0,0.0,99,99,99.0,0.0,4591.936429,65.13385006,20470.66667,35450.17256,61405,3,4,4.0,0.0,4,4,3,3.0,0.0,3,3,0,0,80,64,32.56692503,32.56692503,42,99,64.8,31.22018578,974.7,0,0,0,0,0,0,0,0,1,81.0,42.0,99.0,2,84,2,198,-1,-1,1,40,0.0,0.0,0,0,0.0,0.0,0,0,BENIGN
53,159,2,2,68,100,34,34,34.0,0.0,50,50,50.0,0.0,1056603.774,25157.2327,53.0,85.73797292,152,3,3,3.0,0.0,3,3,4,4.0,0.0,4,4,0,0,40,40,12578.61635,12578.61635,34,50,40.4,8.76356092,76.8,0,0,0,0,0,0,0,0,1,50.5,34.0,50.0,2,68,2,100,-1,-1,1,20,0.0,0.0,0,0,0.0,0.0,0,0,BENIGN
53,31030,2,2,60,264,30,30,30.0,0.0,132,132,132.0,0.0,10441.50822,128.9075089,10343.33333,17909.11668,31023,3,3,3.0,0.0,3,3,4,4.0,0.0,4,4,0,0,64,40,64.45375443,64.45375443,30,132,70.8,55.86770087,3121.2,0,0,0,0,0,0,0,0,1,88.5,30.0,132.0,2,60,2,264,-1,-1,1,32,0.0,0.0,0,0,0.0,0.0,0,0,BENIGN
80,10497623,5,5,631,3525,631,0,126.2,282.1917788,2077,0,705.0,990.6447396,395.8991478,0.952596602,1166402.556,2316795.528,5492228,59,5495602,1373900.5,2746917.675,5494277,232,10500000,2624389.75,3036268.579,5492228,183,0,0,168,168,0.476298301,0.476298301,0,2077,377.8181818,723.7804665,523858.1636,0,0,0,1,0,0,0,0,1,415.6,126.2,705.0,5,631,5,3525,29200,237,1,32,1024.0,0.0,1024,1024,5492228.0,0.0,5492228,5492228,DoS GoldenEye
80,95415421,8,7,56,11601,20,0,7.0,5.656854249,4380,0,1657.285714,1561.969346,122.1710273,0.157207293,6815387.214,22900000.0,86100000,1,93700000,13400000.0,32200000.0,86100000,1,1706060,284343.3333,692198.1978,1697271,16,0,0,172,152,0.083843889,0.073363403,0,4380,728.9375,1300.351618,1690914.329,0,0,0,0,1,0,0,0,0,777.5333333,7.0,1657.285714,8,56,7,11601,256,229,6,20,1005.0,0.0,1005,1005,46900000.0,55400000.0,86100000,7657936,DDoS
53,59560,2,2,76,296,38,38,38.0,0.0,148,148,148.0,0.0,6245.802552,67.15916723,19853.33333,34342.82211,59509,3,48,48.0,0.0,48,48,3,3.0,0.0,3,3,0,0,64,64,33.57958361,33.57958361,38,148,82.0,60.24948133,3630.0,0,0,0,0,0,0,0,0,1,102.5,38.0,148.0,2,76,2,296,-1,-1,1,32,0.0,0.0,0,0,0.0,0.0,0,0,BENIGN
80,146485,3,6,330,11595,330,0,110.0,190.5255888,5792,0,1932.5,2181.008184,81407.65266,61.43973786,18310.625,47335.62378,135154,39,10995,5497.5,6367.496565,10000,995,146446,29289.2,59368.48749,135154,46,0,0,104,200,20.47991262,40.95982524,0,5792,1192.5,1887.963585,3564406.5,0,0,0,1,0,0,0,0,2,1325.0,110.0,1932.5,3,330,6,11595,29200,235,1,32,0.0,0.0,0,0,0.0,0.0,0,0,DoS Hulk
22,12337545,22,32,2008,2745,640,0,91.27272727,138.1821372,976,0,85.78125,220.240592,385.2468218,4.376883732,232783.8679,628389.9495,2472261,4,10300000,489293.4286,876178.0718,2516479,368,12300000,397984.8387,785375.1122,2472261,4,0,0,712,1032,1.783174854,2.593708878,0,976,86.41818182,188.2012015,35419.69226,0,0,0,1,0,0,0,0,1,88.01851852,91.27272727,85.78125,22,2008,32,2745,29200,247,16,32,0.0,0.0,0,0,0.0,0.0,0,0,SSH-Patator
22,12257956,21,32,2008,2745,640,0,95.61904762,140.0451628,976,0,85.78125,220.240592,387.7481694,4.323722487,235729.9231,638568.7852,2392456,3,10400000,519869.5,918191.1374,2452384,492,12300000,395414.4516,792498.4189,2392456,3,0,0,680,1032,1.713173061,2.610549426,0,976,88.01851852,189.5902723,35944.47135,0,0,0,1,0,0,0,0,1,89.67924528,95.61904762,85.78125,21,2008,32,2745,29200,247,16,32,0.0,0.0,0,0,0.0,0.0,0,0,SSH-Patator
80,73,1,1,0,0,0,0,0.0,0.0,0,0,0.0,0.0,0.0,27397.26027,73.0,0.0,73,73,0,0.0,0.0,0,0,0,0.0,0.0,0,0,0,0,32,32,13698.63014,13698.63014,0,0,0.0,0.0,0.0,0,0,0,0,1,1,0,0,1,0.0,0.0,0.0,1,0,1,0,293,236,0,32,0.0,0.0,0,0,0.0,0.0,0,0,Web Attack - Sql Injection
80,78358909,8,4,56,11601,20,0,7.0,5.656854249,8760,0,2900.25,4128.319301,148.7641948,0.153141489,7123537.182,22300000.0,74200000,4,78300000,11200000.0,27800000.0,74200000,4,51077,17025.66667,19026.77467,37668,190,0,0,172,92,0.102094326,0.051047163,0,8760,897.1538462,2488.507044,6192667.308,0,0,0,0,1,0,0,0,0,971.9166667,7.0,2900.25,8,56,4,11601,256,229,6,20,4125920.0,0.0,4125920,4125920,74200000.0,0.0,74200000,74200000,DDoS
80,11910596,5,4,295,3525,295,0,59.0,131.9280107,3525,0,881.25,1762.5,320.7228253,0.755629693,1488824.5,2802488.216,6904590,47,6906897,1726724.25,3452730.506,6905820,192,11900000,3970183.0,3566285.196,6904590,914,0,0,168,136,0.419794274,0.335835419,0,3525,382.0,1108.2223,1228156.667,0,0,0,1,0,0,0,0,0,424.4444444,59.0,881.25,5,295,4,3525,29200,235,1,32,961.0,0.0,961,961,6904590.0,0.0,6904590,6904590,DoS GoldenEye
80,5381794,3,1,0,0,0,0,0.0,0.0,0,0,0.0,0.0,0.0,0.743246583,1793931.333,3106424.193,5380921,101,5381794,2690897.0,3804268.424,5380921,873,0,0.0,0.0,0,0,0,0,104,40,0.557434937,0.185811646,0,0,0.0,0.0,0.0,0,0,0,1,0,0,0,0,0,0.0,0.0,0.0,3,0,1,0,29200,28960,0,32,0.0,0.0,0,0,0.0,0.0,0,0,Web Attack - XSS
53,30094,1,1,49,81,49,49,49.0,0.0,81,81,81.0,0.0,4319.797966,66.45843025,30094.0,0.0,30094,30094,0,0.0,0.0,0,0,0,0.0,0.0,0,0,0,0,20,20,33.22921513,33.22921513,49,81,59.66666667,18.47520861,341.3333333,0,0,0,0,0,0,0,0,1,89.5,49.0,81.0,1,49,1,81,-1,-1,0,20,0.0,0.0,0,0,0.0,0.0,0,0,BENIGN
80,5198894,3,1,0,0,0,0,0.0,0.0,0,0,0.0,0.0,0.0,0.769394414,1732964.667,3000883.98,5198087,130,5198894,2599447.0,3675031.932,5198087,807,0,0.0,0.0,0,0,0,0,104,40,0.57704581,0.192348603,0,0,0.0,0.0,0.0,0,0,0,1,0,0,0,0,0,0.0,0.0,0.0,3,0,1,0,29200,28960,0,32,0.0,0.0,0,0,0.0,0.0,0,0,Web Attack - Brute Force
80,109608672,4,3,532,0,520,0,133.0,258.0620081,0,0,0.0,0.0,4.853630559,0.06386356,18300000.0,44700000.0,110000000,49,110000000,36500000.0,63300000.0,110000000,776,110000000,54800000.0,77500000.0,110000000,5447,0,0,136,104,0.036493463,0.027370097,0,520,66.5,183.2897784,33595.14286,0,0,0,1,0,0,0,0,0,76.0,133.0,0.0,4,532,3,0,29200,235,2,32,5496.0,0.0,5496,5496,110000000.0,0.0,110000000,110000000,DoS Slowhttptest
80,5489877,3,1,0,0,0,0,0.0,0.0,0,0,0.0,0.0,0.0,0.728613774,1829959.0,3168980.086,5489182,102,5489877,2744938.5,3880946.376,5489182,695,0,0.0,0.0,0,0,0,0,104,40,0.546460331,0.182153444,0,0,0.0,0.0,0.0,0,0,0,1,0,0,0,0,0,0.0,0.0,0.0,3,0,1,0,29200,28960,0,32,0.0,0.0,0,0,0.0,0.0,0,0,Web Attack - Brute Force
80,99411756,8,6,416,11595,392,0,52.0,137.4128295,8688,0,1932.5,3385.244201,120.8207206,0.140828415,7647058.154,27200000.0,98200000,4,99300000,14200000.0,37100000.0,98200000,4,99400000,19900000.0,44400000.0,99200000,97,0,0,224,200,0.08047338,0.060355035,0,8688,801.1333333,2239.791982,5016668.124,1,0,0,0,0,0,0,0,0,858.3571429,52.0,1932.5,8,416,6,11595,0,235,4,20,12942.0,0.0,12942,12942,98200000.0,0.0,98200000,98200000,DoS Hulk
1244,11,1,1,0,6,0,0,0.0,0.0,6,6,6.0,0.0,545454.5455,181818.1818,11.0,0.0,11,11,0,0.0,0.0,0,0,0,0.0,0.0,0,0,0,0,40,20,90909.09091,90909.09091,0,6,2.0,3.464101615,12.0,0,0,0,1,0,0,0,0,1,3.0,0.0,6.0,1,0,1,6,29200,0,0,40,0.0,0.0,0,0,0.0,0.0,0,0,PortScan
80,101212667,5,7,361,11595,349,0,72.2,154.7649831,7240,0,1656.428571,2566.885263,118.1275067,0.118562235,9201151.545,30500000.0,101000000,51,101000000,25300000.0,50500000.0,101000000,985,101000000,16900000.0,41200000.0,101000000,70,0,0,144,232,0.049400931,0.069161304,0,7240,920.1538462,1996.970992,3987893.141,1,0,0,0,0,0,0,0,1,996.8333333,72.2,1656.428571,5,361,7,11595,0,235,2,20,11989.0,0.0,11989,11989,101000000.0,0.0,101000000,101000000,DoS Hulk
80,5007460,5,3,537,1881,537,0,107.4,240.1537008,1881,0,627.0,1085.995856,482.8795437,1.597616356,715351.4286,1889650.06,5000673,4,5007460,1251865.0,2499206.662,5000673,4,5994,2997.0,2996.718539,5116,878,0,0,168,104,0.998510223,0.599106134,0,1881,268.6666667,630.1680331,397111.75,0,0,0,1,0,0,0,0,0,302.25,107.4,627.0,5,537,3,1881,29200,235,1,32,0.0,0.0,0,0,0.0,0.0,0,0,Web Attack - Sql Injection
80,118013614,2,2,16,0,8,8,8.0,0.0,0,0,0.0,0.0,0.135577578,0.033894395,39300000.0,68100000.0,118000000,50,118000000,118000000.0,0.0,118000000,118000000,118000000,118000000.0,0.0,118000000,118000000,1,0,64,64,0.016947197,0.016947197,0,8,4.8,4.38178046,19.2,0,1,0,0,1,0,0,0,1,6.0,8.0,0.0,2,16,2,0,229,235,1,32,51.0,0.0,51,51,118000000.0,0.0,118000000,118000000,DoS slowloris
80,5230919,3,1,0,0,0,0,0.0,0.0,0,0,0.0,0.0,0.0,0.764683988,1743639.667,3019319.933,5230050,123,5230919,2615459.5,3697589.345,5230050,869,0,0.0,0.0,0,0,0,0,104,40,0.573512991,0.191170997,0,0,0.0,0.0,0.0,0,0,0,1,0,0,0,0,0,0.0,0.0,0.0,3,0,1,0,29200,28960,0,32,0.0,0.0,0,0,0.0,0.0,0,0,Web Attack - Brute Force
80,100087546,8,5,56,11607,20,0,7.0,5.656854249,8760,0,2321.4,3802.315321,116.5279844,0.12988629,8340628.833,25400000.0,88500000,0,99000000,14100000.0,33000000.0,88500000,0,1109598,277399.5,554103.7883,1108555,2,0,0,172,112,0.079930024,0.049956265,0,8760,833.5,2402.71381,5773033.654,0,0,0,0,1,0,0,0,0,897.6153846,7.0,2321.4,8,56,5,11607,256,229,6,20,5.0,0.0,5,5,49500000.0,55200000.0,88500000,10400000,DDoS
53,48058,1,1,55,118,55,55,55.0,0.0,118,118,118.0,0.0,3599.816888,41.61638021,48058.0,0.0,48058,48058,0,0.0,0.0,0,0,0,0.0,0.0,0,0,0,0,20,32,20.8081901,20.8081901,55,118,76.0,36.37306696,1323.0,0,0,0,0,0,0,0,0,1,114.0,55.0,118.0,1,55,1,118,-1,-1,0,20,0.0,0.0,0,0,0.0,0.0,0,0,BENIGN
443,4232496,5,2,129,92,46,0,25.8,21.79908255,46,46,46.0,0.0,52.2150523,1.653870435,705416.0,1662638.602,4098464,3,4232496,1058124.0,2027773.116,4098464,3,94071,94071.0,0.0,94071,94071,1,0,112,40,1.181336025,0.47253441,0,46,33.375,19.51510404,380.8392857,0,1,0,0,1,0,0,0,0,38.14285714,25.8,46.0,5,129,2,92,258,123,3,20,0.0,0.0,0,0,0.0,0.0,0,0,BENIGN
21,8065485,9,15,105,188,24,0,11.66666667,9.513148795,34,0,12.53333333,14.54975045,36.3276356,2.975642506,350673.2609,914389.4338,3010597,3,5014064,626758.0,1161355.448,2697130,249,8065380,576098.5714,1129208.212,3010597,3,0,0,296,488,1.11586594,1.859776566,0,34,11.72,12.64093878,159.7933333,0,0,0,1,0,0,0,0,1,12.20833333,11.66666667,12.53333333,9,105,15,188,29200,227,6,32,0.0,0.0,0,0,0.0,0.0,0,0,FTP-Patator
80,115471021,19,2,3510,0,351,0,184.7368421,180.0592008,0,0,0.0,0.0,30.39723707,0.181863812,5773551.05,8567822.196,32100000,117,115000000,6415056.722,8814000.188,32100000,586,31500000,31500000.0,0.0,31500000,31500000,0,0,664,80,0.164543449,0.017320363,0,351,159.5454545,178.8861642,32000.25974,0,0,0,1,0,0,0,0,0,167.1428571,184.7368421,0.0,19,3510,2,0,29200,28960,10,32,4517461.667,3918832.84,7008188,331,14600000.0,9505357.352,32100000,5342548,DoS Slowhttptest
8080,1002228,3,3,0,18,0,0,0.0,0.0,6,6,6.0,0.0,17.95998515,5.986661718,200445.6,273731.6384,500559,455,1001773,500886.5,185.9690835,501018,500755,1001521,500760.5,358.5031381,501014,500507,0,0,92,60,2.993330859,2.993330859,0,6,2.571428571,3.207134903,10.28571429,0,0,0,1,0,0,0,0,1,3.0,0.0,6.0,3,0,3,18,8192,0,0,28,0.0,0.0,0,0,0.0,0.0,0,0,Bot
80,84711178,5,6,319,11595,307,0,63.8,135.9860287,7240,0,1932.5,3126.682571,140.6425962,0.129852993,8471117.8,26700000.0,84600000,1,84600000,21100000.0,42300000.0,84600000,1,84700000,16900000.0,37800000.0,84600000,85,0,0,144,200,0.059024088,0.070828905,0,7240,993.3333333,2326.563612,5412898.242,1,0,0,0,0,0,0,0,1,1083.636364,63.8,1932.5,5,319,6,11595,0,235,2,20,11002.0,0.0,11002,11002,84600000.0,0.0,84600000,84600000,DoS Hulk
21,224,2,1,14,0,14,0,7.0,9.899494937,0,0,0.0,0.0,62500.0,13392.85714,112.0,82.02438662,170,54,224,224.0,0.0,224,224,0,0.0,0.0,0,0,1,0,64,20,8928.571429,4464.285714,0,14,7.0,8.082903769,65.33333333,0,1,0,0,1,0,0,0,0,9.333333333,7.0,0.0,2,14,1,0,229,0,0,32,0.0,0.0,0,0,0.0,0.0,0,0,FTP-Patator
21,9779479,9,15,103,188,23,0,11.44444444,9.207484878,34,0,12.53333333,14.54975045,29.7561864,2.454118466,425194.7391,1110187.369,3508567,3,6361416,795177.0,1480921.175,3551012,4,9779352,698525.1429,1371203.554,3508567,3,0,0,296,488,0.920294425,1.533824041,0,34,11.64,12.56609194,157.9066667,0,0,0,1,0,0,0,0,1,12.125,11.44444444,12.53333333,9,103,15,188,29200,227,6,32,0.0,0.0,0,0,0.0,0.0,0,0,FTP-Patator
8080,1001534,3,3,0,18,0,0,0.0,0.0,6,6,6.0,0.0,17.97243029,5.990810097,200306.8,273554.7882,500194,447,1000999,500499.5,200.1112191,500641,500358,1000924,500462.0,377.5950212,500729,500195,0,0,92,60,2.995405049,2.995405049,0,6,2.571428571,3.207134903,10.28571429,0,0,0,1,0,0,0,0,1,3.0,0.0,6.0,3,0,3,18,8192,0,0,28,0.0,0.0,0,0,0.0,0.0,0,0,Bot
80,5069927,4,4,460,1840,460,0,115.0,230.0,1840,0,460.0,920.0,453.6554471,1.57793199,724275.2857,1885988.001,5000920,4,69007,23002.33333,39060.03203,68102,4,5069799,1689933.0,2868230.999,5001659,870,0,0,136,136,0.788965995,0.788965995,0,1840,255.5555556,613.3333333,376177.7778,0,0,0,1,0,0,0,0,1,287.5,115.0,460.0,4,460,4,1840,29200,235,1,32,0.0,0.0,0,0,0.0,0.0,0,0,Web Attack - Sql Injection
80,5678483,3,1,0,0,0,0,0.0,0.0,0,0,0.0,0.0,0.0,0.704413485,1892827.667,3277705.539,5677596,131,5678483,2839241.5,4014039.429,5677596,887,0,0.0,0.0,0,0,0,0,104,40,0.528310114,0.176103371,0,0,0.0,0.0,0.0,0,0,0,1,0,0,0,0,0,0.0,0.0,0.0,3,0,1,0,29200,28960,0,32,0.0,0.0,0,0,0.0,0.0,0,0,Web Attack - XSS
80,56,1,1,0,0,0,0,0.0,0.0,0,0,0.0,0.0,0.0,35714.28571,56.0,0.0,56,56,0,0.0,0.0,0,0,0,0.0,0.0,0,0,0,0,32,32,17857.14286,17857.14286,0,0,0.0,0.0,0.0,0,0,0,0,1,1,0,0,1,0.0,0.0,0.0,1,0,1,0,1444,1174,0,32,0.0,0.0,0,0,0.0,0.0,0,0,Web Attack - Brute Force
80,43,1,1,0,0,0,0,0.0,0.0,0,0,0.0,0.0,0.0,46511.62791,43.0,0.0,43,43,0,0.0,0.0,0,0,0,0.0,0.0,0,0,0,0,32,32,23255.81395,23255.81395,0,0,0.0,0.0,0.0,0,0,0,0,1,1,0,0,1,0.0,0.0,0.0,1,0,1,0,258,235,0,32,0.0,0.0,0,0,0.0,0.0,0,0,Web Attack - Sql Injection
80,99991723,8,6,370,11595,370,0,46.25,130.8147545,7240,0,1932.5,2695.639126,119.6599043,0.140011589,7691671.0,27700000.0,99900000,1,99900000,14300000.0,37800000.0,99900000,1,104124,20824.8,40165.89847,92110,46,0,0,264,200,0.080006622,0.060004967,0,7240,797.6666667,1877.165556,3523750.524,0,0,0,0,1,0,0,0,0,854.6428571,46.25,1932.5,8,370,6,11595,274,235,1,32,999.0,0.0,999,999,99900000.0,0.0,99900000,99900000,DoS Hulk
80,102689333,14,3,2541,6,231,0,181.5,98.36333745,6,0,2.0,3.464101615,24.80296566,0.165547867,6418083.313,13200000.0,51300000,98,103000000,7899171.923,14300000.0,51300000,250,103000000,51300000.0,28000000.0,71200000,31500000,0,0,456,100,0.136333537,0.029214329,0,231,141.5,115.4547276,13329.79412,0,0,0,1,0,0,0,0,0,149.8235294,181.5,2.0,14,2541,3,6,29200,0,11,32,3205364.5,4532316.172,6410196,533,19300000.0,18800000.0,51300000,5867003,DoS slowloris
444,24006815,35,35,13418,210,1460,6,383.3714286,499.5694079,6,6,6.0,0.0,567.6721381,2.91583869,347924.8551,2264259.724,18500000,0,24000000,706071.1176,3210073.627,18500000,3,24000000,706060.5588,3210093.825,18500000,0,1,0,700,700,1.457919345,1.457919345,6,1460,192.4507042,396.4548898,157176.4797,0,1,0,0,1,0,0,0,1,195.2,383.3714286,6.0,35,13418,35,210,255,1428,34,20,4963369.0,0.0,4963369,4963369,18500000.0,0.0,18500000,18500000,Infiltration
80,4066350,2,0,0,0,0,0,0.0,0.0,0,0,0.0,0.0,0.0,0.491841578,4066350.0,0.0,4066350,4066350,4066350,4066350.0,0.0,4066350,4066350,0,0.0,0.0,0,0,0,0,64,0,0.491841578,0.0,0,0,0.0,0.0,0.0,0,0,0,0,1,0,0,0,0,0.0,0.0,0.0,2,0,0,0,284,-1,0,32,0.0,0.0,0,0,0.0,0.0,0,0,DoS GoldenEye
80,63136571,7,0,0,0,0,0,0.0,0.0,0,0,0.0,0.0,0.0,0.110870766,10500000.0,11900000.0,32100000,997396,63100000,10500000.0,11900000.0,32100000,997396,0,0.0,0.0,0,0,0,0,280,0,0.110870766,0.0,0,0,0.0,0.0,0.0,0,0,0,1,0,0,0,0,0,0.0,0.0,0.0,7,0,0,0,29200,-1,0,40,7009070.0,0.0,7009070,7009070,18700000.0,12200000.0,32100000,8016148,DoS Slowhttptest
80,5038618,4,4,537,1881,537,0,134.25,268.5,1881,0,470.25,940.5,479.8934946,1.587736955,719802.5714,1889342.685,5004343,4,34275,11425.0,18999.11822,33357,4,5038504,1679501.333,2880144.775,5005156,872,0,0,136,136,0.793868477,0.793868477,0,1881,268.6666667,630.1680331,397111.75,0,0,0,1,0,0,0,0,1,302.25,134.25,470.25,4,537,4,1881,29200,235,1,32,0.0,0.0,0,0,0.0,0.0,0,0,Web Attack - Sql Injection
53,18717024,2,2,127,245,72,55,63.5,12.02081528,133,112,122.5,14.8492424,19.87495448,0.213709188,6239008.0,10800000.0,18700000,508,18700000,18700000.0,0.0,18700000,18700000,18700000,18700000.0,0.0,18700000,18700000,0,0,52,52,0.106854594,0.106854594,55,133,88.8,32.39907406,1049.7,0,0,0,0,0,0,0,0,1,111.0,63.5,122.5,2,127,2,245,-1,-1,1,20,508.0,0.0,508,508,18700000.0,0.0,18700000,18700000,BENIGN
8080,80227,4,3,207,134,195,0,51.75,95.54187564,128,0,44.66666667,72.23111056,4250.439378,87.25242125,13371.16667,31688.44558,78051,22,80227,26742.33333,45714.03899,79527,22,78662,39331.0,54758.34914,78051,611,0,0,92,72,49.85852643,37.39389482,0,195,42.625,75.57576615,5711.696429,0,0,0,1,0,0,0,0,0,48.71428571,51.75,44.66666667,4,207,3,134,8192,237,3,20,0.0,0.0,0,0,0.0,0.0,0,0,Bot
444,119259886,2782,2091,12264,7879536,4344,0,4.408339324,83.39047044,15928,0,3768.3099,2374.669707,66173.1305,40.86034427,24478.63013,153117.4894,995232,0,119000000,42883.79396,200919.1105,996222,0,119000000,57062.13876,229801.2555,995232,1,0,0,89024,66912,23.3272066,17.53313767,0,15928,1620.054165,2427.873716,5894570.783,0,0,0,0,1,0,0,0,0,1620.38662,4.408339324,3768.3099,2782,12264,2091,7879536,235,235,120,32,0.0,0.0,0,0,0.0,0.0,0,0,Heartbleed
444,67917167,20,20,3738,120,705,6,186.9,227.2302102,6,6,6.0,0.0,56.8044895,0.588952716,1741465.821,8907306.251,54800000,32,67900000,3574561.158,12700000.0,54800000,438,67900000,3574570.579,12700000.0,54800000,530,1,0,400,400,0.294476358,0.294476358,6,705,94.97560976,181.0974169,32796.27439,0,1,0,0,1,0,0,0,1,97.35,186.9,6.0,20,3738,20,120,255,1452,19,20,566477.5,11731.60861,574773,558182,33100000.0,30600000.0,54800000,11400000,Infiltration
22,12287850,21,31,2008,2745,640,0,95.61904762,140.0451628,976,0,88.5483871,223.315,386.8048519,4.231822491,240938.2353,648781.4516,2471568,3,10300000,517051.4,921199.6548,2532912,229,12300000,409590.7,809010.6812,2471568,3,0,0,680,1000,1.709005237,2.522817254,0,976,89.67924528,191.0076291,36483.91437,0,0,0,1,0,0,0,0,1,91.40384615,95.61904762,88.5483871,21,2008,31,2745,29200,247,16,32,0.0,0.0,0,0,0.0,0.0,0,0,SSH-Patator
80,55107,3,5,26,11607,20,0,8.666666667,10.26320288,7215,0,2321.4,3327.769794,211098.4086,145.1721197,7872.428571,20509.27681,54382,4,501,250.5,296.2777413,460,41,55061,13765.25,27078.63509,54382,4,0,0,72,112,54.43954489,90.73257481,0,7215,1292.555556,2650.585648,7025604.278,0,0,0,1,0,0,0,0,1,1454.125,8.666666667,2321.4,3,26,5,11607,8192,229,2,20,0.0,0.0,0,0,0.0,0.0,0,0,DDoS
1077,72,1,1,2,6,2,2,2.0,0.0,6,6,6.0,0.0,111111.1111,27777.77778,72.0,0.0,72,72,0,0.0,0.0,0,0,0,0.0,0.0,0,0,0,0,24,20,13888.88889,13888.88889,2,6,3.333333333,2.309401077,5.333333333,0,0,0,1,0,0,0,0,1,5.0,2.0,6.0,1,2,1,6,1024,0,0,24,0.0,0.0,0,0,0.0,0.0,0,0,PortScan
80,3003660,3,0,0,0,0,0,0.0,0.0,0,0,0.0,0.0,0.0,0.998781487,1501830.0,710213.8084,2004027,999633,3003660,1501830.0,710213.8084,2004027,999633,0,0.0,0.0,0,0,0,0,120,0,0.998781487,0.0,0,0,0.0,0.0,0.0,0,0,0,1,0,0,0,0,0,0.0,0.0,0.0,3,0,0,0,29200,-1,0,40,0.0,0.0,0,0,0.0,0.0,0,0,DoS slowloris
80,5437735,3,1,0,0,0,0,0.0,0.0,0,0,0.0,0.0,0.0,0.735600392,1812578.333,3138730.4,5436872,139,5437735,2718867.5,3843838.826,5436872,863,0,0.0,0.0,0,0,0,0,104,40,0.551700294,0.183900098,0,0,0.0,0.0,0.0,0,0,0,1,0,0,0,0,0,0.0,0.0,0.0,3,0,1,0,29200,28960,0,32,0.0,0.0,0,0,0.0,0.0,0,0,Web Attack - Brute Force
80,699226,3,5,26,11607,20,0,8.666666667,10.26320288,7300,0,2321.4,3346.363967,16636.96716,11.44122215,99889.42857,263863.3319,698275,2,698,349.0,489.3178926,695,3,699176,174794.0,348987.4634,698275,2,0,0,72,112,4.290458307,7.150763845,0,7300,1292.555556,2662.264877,7087654.278,0,0,0,1,0,0,0,0,1,1454.125,8.666666667,2321.4,3,26,5,11607,8192,229,2,20,0.0,0.0,0,0,0.0,0.0,0,0,DDoS
80,5169534,4,4,708,488,696,0,177.0,346.0115605,476,0,122.0,236.0169485,231.3554761,1.547528269,738504.8571,1879248.49,4999277,42,170257,56752.33333,49061.10109,85293,102,5084740,1694913.333,2862013.319,4999319,312,0,0,100,92,0.773764134,0.773764134,0,696,132.8888889,262.7263046,69025.11111,0,0,0,1,0,0,0,0,1,149.5,177.0,122.0,4,708,4,488,29200,60,3,20,0.0,0.0,0,0,0.0,0.0,0,0,BENIGN
22,13055040,21,32,2008,2745,640,0,95.61904762,140.0451628,976,0,85.78125,220.240592,364.0739515,4.059734784,251058.4615,675738.2752,2284190,3,10700000,536486.9,942559.3676,2294217,327,13100000,421126.1613,838058.6216,2284190,3,0,0,680,1032,1.60857416,2.451160625,0,976,88.01851852,189.5902723,35944.47135,0,0,0,1,0,0,0,0,1,89.67924528,95.61904762,85.78125,21,2008,32,2745,29200,247,16,32,0.0,0.0,0,0,0.0,0.0,0,0,SSH-Patator
60640,658,3,0,18,0,6,6,6.0,0.0,0,0,0.0,0.0,27355.6231,4559.270517,329.0,459.6194078,654,4,658,329.0,459.6194078,654,4,0,0.0,0.0,0,0,0,0,60,0,4559.270517,0.0,6,6,6.0,0.0,0.0,0,0,0,0,1,0,0,0,0,8.0,6.0,0.0,3,18,0,0,8498,-1,2,20,0.0,0.0,0,0,0.0,0.0,0,0,BENIGN
22117,6146134,1,5,6,30,6,6,6.0,0.0,6,6,6.0,0.0,5.857340566,0.976223428,1229226.8,2747340.062,6143818,4,0,0.0,0.0,0,0,6144835,1536208.75,3071739.535,6143818,4,0,0,20,100,0.162703905,0.813519523,6,6,6.0,0.0,0.0,0,0,0,0,1,1,0,0,5,7.0,6.0,6.0,1,6,5,30,229,0,0,20,2316.0,0.0,2316,2316,6143818.0,0.0,6143818,6143818,BENIGN
22,12519806,21,32,2008,2745,640,0,95.61904762,140.0451628,976,0,85.78125,220.240592,379.6384704,4.233292433,240765.5,649307.1657,2179183,18,10500000,526385.8,924524.7818,2234054,363,12500000,403861.7742,805448.2736,2179183,41,0,0,680,1032,1.677342285,2.555950148,0,976,88.01851852,189.5902723,35944.47135,0,0,0,1,0,0,0,0,1,89.67924528,95.61904762,85.78125,21,2008,32,2745,29200,247,16,32,0.0,0.0,0,0,0.0,0.0,0,0,SSH-Patator
8080,247385,5,4,216,140,198,0,43.2,86.57482313,128,0,35.0,62.0644826,1439.052489,36.38054045,30923.125,86713.52162,245527,4,247385,61846.25,122826.2086,246085,4,246103,82034.33333,141589.0875,245527,4,0,0,112,92,20.21141136,16.16912909,0,198,35.6,69.19730245,4788.266667,0,0,0,1,0,0,0,0,0,39.55555556,43.2,35.0,5,216,4,140,8192,237,4,20,0.0,0.0,0,0,0.0,0.0,0,0,Bot
22,11957583,21,32,2008,2745,640,0,95.61904762,140.0451628,976,0,85.78125,220.240592,397.4883553,4.432333859,229953.5192,624473.0546,2502163,3,9805373,490268.65,872360.4498,2558378,514,12000000,385725.2258,775219.37,2502163,3,0,0,680,1032,1.756207755,2.676126103,0,976,88.01851852,189.5902723,35944.47135,0,0,0,1,0,0,0,0,1,89.67924528,95.61904762,85.78125,21,2008,32,2745,29200,247,16,32,0.0,0.0,0,0,0.0,0.0,0,0,SSH-Patator
21,8755539,9,15,99,188,20,0,11.0,8.544003745,34,0,12.53333333,14.54975045,32.7792498,2.741121934,380675.6087,975417.2353,3031427,3,5998827,749853.375,1357271.11,3073598,42,8755441,625388.6429,1202222.862,3031427,3,0,0,296,488,1.027920725,1.713201209,0,34,11.48,12.41343358,154.0933333,0,0,0,1,0,0,0,0,1,11.95833333,11.0,12.53333333,9,99,15,188,29200,227,6,32,0.0,0.0,0,0,0.0,0.0,0,0,FTP-Patator
80,3794233,4,0,24,0,6,6,6.0,0.0,0,0,0.0,0.0,6.325389084,1.054231514,1264744.333,2189106.753,3792507,314,3794233,1264744.333,2189106.753,3792507,314,0,0.0,0.0,0,0,0,0,80,0,1.054231514,0.0,6,6,6.0,0.0,0.0,0,0,0,0,1,0,0,0,0,7.5,6.0,0.0,4,24,0,0,256,-1,3,20,0.0,0.0,0,0,0.0,0.0,0,0,DDoS
80,13088011,2,0,712,0,356,356,356.0,0.0,0,0,0.0,0.0,54.40093227,0.152811608,13100000.0,0.0,13100000,13100000,13100000,13100000.0,0.0,13100000,13100000,0,0.0,0.0,0,0,1,0,64,0,0.152811608,0.0,356,356,356.0,0.0,0.0,0,1,0,0,1,1,0,0,0,534.0,356.0,0.0,2,712,0,0,229,-1,1,32,0.0,0.0,0,0,0.0,0.0,0,0,DoS Slowhttptest
22,13918162,21,32,2024,2745,640,0,96.38095238,140.1821944,976,0,85.78125,220.240592,342.6458177,3.80797407,267656.9615,724289.1665,2564278,3,11900000,593296.35,1042850.51,2608619,448,13900000,448968.8065,898767.2697,2564278,3,0,0,680,1032,1.508819915,2.299154156,0,976,88.31481481,189.6409541,35963.69147,0,0,0,1,0,0,0,0,1,89.98113208,96.38095238,85.78125,21,2024,32,2745,29200,257,16,32,0.0,0.0,0,0,0.0,0.0,0,0,SSH-Patator
53,198,2,2,72,196,36,36,36.0,0.0,98,98,98.0,0.0,1353535.354,20202.0202,66.0,73.66817495,147,3,48,48.0,0.0,48,48,3,3.0,0.0,3,3,0,0,40,40,10101.0101,10101.0101,36,98,60.8,33.95879857,1153.2,0,0,0,0,0,0,0,0,1,76.0,36.0,98.0,2,72,2,196,-1,-1,1,20,0.0,0.0,0,0,0.0,0.0,0,0,BENIGN
80,73,1,1,0,0,0,0,0.0,0.0,0,0,0.0,0.0,0.0,27397.26027,73.0,0.0,73,73,0,0.0,0.0,0,0,0,0.0,0.0,0,0,0,0,32,32,13698.63014,13698.63014,0,0,0.0,0.0,0.0,0,0,0,0,1,1,0,0,1,0.0,0.0,0.0,1,0,1,0,257,235,0,32,0.0,0.0,0,0,0.0,0.0,0,0,Web Attack - Sql Injection
4550,101,2,2,4,12,2,2,2.0,0.0,6,6,6.0,0.0,158415.8416,39603.9604,33.66666667,24.82606158,48,5,48,48.0,0.0,48,48,48,48.0,0.0,48,48,0,0,48,40,19801.9802,19801.9802,2,6,3.6,2.19089023,4.8,0,0,0,1,0,0,0,0,1,4.5,2.0,6.0,2,4,2,12,1024,0,1,24,0.0,0.0,0,0,0.0,0.0,0,0,BENIGN
80,5197400,3,1,0,0,0,0,0.0,0.0,0,0,0.0,0.0,0.0,0.769615577,1732466.667,3000118.409,5196705,130,5197400,2598700.0,3674133.906,5196705,695,0,0.0,0.0,0,0,0,0,104,40,0.577211683,0.192403894,0,0,0.0,0.0,0.0,0,0,0,1,0,0,0,0,0,0.0,0.0,0.0,3,0,1,0,29200,28960,0,32,0.0,0.0,0,0,0.0,0.0,0,0,Web Attack - Brute Force
53,90743,1,1,46,151,46,46,46.0,0.0,151,151,151.0,0.0,2170.966356,22.04026757,90743.0,0.0,90743,90743,0,0.0,0.0,0,0,0,0.0,0.0,0,0,0,0,32,32,11.02013378,11.02013378,46,151,81.0,60.62177826,3675.0,0,0,0,0,0,0,0,0,1,121.5,46.0,151.0,1,46,1,151,-1,-1,0,32,0.0,0.0,0,0,0.0,0.0,0,0,BENIGN
80,109380145,4,3,535,0,520,0,133.75,257.5970691,0,0,0.0,0.0,4.891198489,0.06399699,18200000.0,44700000.0,109000000,49,109000000,36500000.0,63100000.0,109000000,658,109000000,54700000.0,77300000.0,109000000,5265,0,0,136,104,0.036569708,0.027427281,0,520,66.875,183.1653722,33549.55357,0,0,0,1,0,0,0,0,0,76.42857143,133.75,0.0,4,535,3,0,29200,235,2,32,5335.0,0.0,5335,5335,109000000.0,0.0,109000000,109000000,DoS Slowhttptest
443,59041,8,5,531,4856,196,0,66.375,82.57626345,1936,0,971.2,907.6272363,91241.67951,220.1859725,4920.083333,8904.794362,23221,4,59041,8434.428571,11507.03202,25897,4,26106,6526.5,11350.57994,23478,50,0,0,172,112,135.49906,84.68691248,0,1936,384.7857143,680.5785072,463187.1044,0,0,0,1,0,0,0,0,0,414.3846154,66.375,971.2,8,531,5,4856,8192,288,4,20,0.0,0.0,0,0,0.0,0.0,0,0,BENIGN
80,5011423,8,7,407,11632,407,0,50.875,143.89623,5792,0,1661.714286,2124.411582,2402.311679,2.993161823,357958.7857,1335907.151,4999425,1,11998,1714.0,2631.613257,6005,1,5011375,835229.1667,2042641.043,5004750,45,0,0,264,232,1.596352972,1.396808851,0,5792,752.4375,1581.452116,2500990.796,0,0,0,1,0,0,0,0,0,802.6,50.875,1661.714286,8,407,7,11632,29200,235,1,32,0.0,0.0,0,0,0.0,0.0,0,0,DoS GoldenEye
53,31070,2,2,82,152,41,41,41.0,0.0,76,76,76.0,0.0,7531.380753,128.7415513,10356.66667,17933.07671,31064,3,3,3.0,0.0,3,3,3,3.0,0.0,3,3,0,0,64,64,64.37077567,64.37077567,41,76,55.0,19.17028951,367.5,0,0,0,0,0,0,0,0,1,68.75,41.0,76.0,2,82,2,152,-1,-1,1,32,0.0,0.0,0,0,0.0,0.0,0,0,BENIGN
61900,111,2,2,4,12,2,2,2.0,0.0,6,6,6.0,0.0,144144.1441,36036.03604,37.0,31.95309062,62,1,1,1.0,0.0,1,1,48,48.0,0.0,48,48,0,0,48,40,18018.01802,18018.01802,2,6,3.6,2.19089023,4.8,0,0,0,1,0,0,0,0,1,4.5,2.0,6.0,2,4,2,12,1024,0,1,24,0.0,0.0,0,0,0.0,0.0,0,0,BENIGN
389,117673058,22,13,2986,6356,1305,0,135.7272727273,379.2933507029,2910,0,488.9230769231,897.607789399,79.3894554861,0.2974342691,3460972.29411765,20177352.5711599,117653756,1,117672926,5603472.66666667,25673945.4924493,117653756,1,117673039,9806086.58333333,33963236.1618459,117653845,1,0,0,728,408,0.1869586834,0.1104755857,0,2910,259.5,627.4245999094,393661.628571429,0,0,0,1,0,0,0,0,0,266.9142857143,135.7272727273,488.9230769231,22,2986,13,6356,65535,0,10,32,19167.0,0.0,19167,19167,117653756.0,0.0,117653756,117653756,BENIGN
80,99036671,6,5,378,11595,360,0,63.0,145.5293785,11595,0,2319.0,5185.44164,120.8946129,0.111069969,9903667.1,31300000.0,99000000,0,99000000,19800000.0,44300000.0,99000000,0,99000000,24800000.0,49500000.0,99000000,12,0,0,164,168,0.06058362,0.05048635,0,11595,998.25,3338.695067,11100000.0,1,0,0,0,0,0,0,0,0,1089.0,63.0,2319.0,6,378,5,11595,0,235,3,20,13005.0,0.0,13005,13005,99000000.0,0.0,99000000,99000000,DoS Hulk
80,11503478,6,4,540,3525,540,0,90.0,220.4540769,3525,0,881.25,1762.5,353.3713891,0.86930231,1278164.222,2279344.127,5500125,64,6501655,1300331.0,2387920.117,5501450,236,10500000,3501626.667,3041415.802,5500125,1435,0,0,208,136,0.521581386,0.347720924,0,3525,369.5454545,1059.010044,1121502.273,0,0,0,1,0,0,0,0,0,406.5,90.0,881.25,6,540,4,3525,29200,235,1,32,1000033.0,0.0,1000033,1000033,5500125.0,0.0,5500125,5500125,DoS GoldenEye
444,119302728,2685,1729,8299,7556917,517,0,3.090875233,16.85842056,17376,0,4370.686524,2566.935004,63411.92802,36.99831575,27034.38205,174625.7584,5024984,0,119000000,44449.50857,222461.7159,5025702,0,119000000,69040.90509,273867.424,5024984,1,0,0,85928,55336,22.50577204,14.49254371,0,17376,1713.525708,2669.389319,7125639.337,0,0,0,1,0,0,0,0,0,1713.91391,3.090875233,4370.686524,2685,8299,1729,7556917,29200,235,118,32,2217.0,0.0,2217,2217,5024984.0,0.0,5024984,5024984,Heartbleed
80,10785621,9,6,363,11680,363,0,40.33333333,121.0,10184,0,1946.666667,4076.169705,1116.579194,1.390740505,770401.5,1959231.031,5783319,1,5809291,726161.375,2050352.287,5800521,1,10800000,2157121.2,2960605.603,5783319,195,0,0,308,200,0.834444303,0.556296202,0,10184,752.6875,2541.390924,6458667.829,0,0,0,1,0,0,0,0,0,802.8666667,40.33333333,1946.666667,9,363,6,11680,29200,235,1,32,857.0,0.0,857,857,5783319.0,0.0,5783319,5783319,DoS GoldenEye
21,206,2,1,14,0,14,0,7.0,9.899494937,0,0,0.0,0.0,67961.16505,14563.1068,103.0,69.29646456,152,54,206,206.0,0.0,206,206,0,0.0,0.0,0,0,1,0,64,20,9708.737864,4854.368932,0,14,7.0,8.082903769,65.33333333,0,1,0,0,1,0,0,0,0,9.333333333,7.0,0.0,2,14,1,0,229,0,0,32,0.0,0.0,0,0,0.0,0.0,0,0,FTP-Patator
21,240,2,1,14,0,14,0,7.0,9.899494937,0,0,0.0,0.0,58333.33333,12500.0,120.0,138.5929291,218,22,240,240.0,0.0,240,240,0,0.0,0.0,0,0,1,0,64,20,8333.333333,4166.666667,0,14,7.0,8.082903769,65.33333333,0,1,0,0,1,0,0,0,0,9.333333333,7.0,0.0,2,14,1,0,229,0,0,32,0.0,0.0,0,0,0.0,0.0,0,0,FTP-Patator
80,71280242,9,4,62,11601,20,0,6.888888889,5.30199124,8760,0,2900.25,4128.319301,163.6217789,0.18237873,5940020.167,19000000.0,66300000,3,70300000,8783129.5,23300000.0,66300000,3,1026151,342050.3333,582622.563,1014777,379,0,0,192,92,0.126262198,0.056116532,0,8760,833.5,2402.71381,5773033.654,0,0,0,0,1,0,0,0,0,897.6153846,6.888888889,2900.25,9,62,4,11601,256,229,7,20,3979902.0,0.0,3979902,3979902,66300000.0,0.0,66300000,66300000,DDoS
80,5012479,6,4,600,4149,600,0,100.0,244.9489743,2701,0,1037.25,1302.376642,947.4353908,1.995020827,556942.1111,1666209.939,5000160,3,5012479,1002495.8,2234766.928,5000160,3,11118,3706.0,5627.995291,10187,51,0,0,200,136,1.197012496,0.798008331,0,2701,431.7272727,877.6008308,770183.2182,0,0,0,1,0,0,0,0,0,474.9,100.0,1037.25,6,600,4,4149,29200,236,1,32,0.0,0.0,0,0,0.0,0.0,0,0,Web Attack - Sql Injection
55003,22,1,1,0,0,0,0,0.0,0.0,0,0,0.0,0.0,0.0,90909.0909090909,22.0,0.0,22,22,0,0.0,0.0,0,0,0,0.0,0.0,0,0,0,0,32,32,45454.5454545455,45454.5454545455,0,0,0.0,0.0,0.0,0,0,0,0,1,1,0,0,1,0.0,0.0,0.0,1,0,1,0,115,250,0,32,0.0,0.0,0,0,0.0,0.0,0,0,BENIGN
801,77,1,1,2,6,2,2,2.0,0.0,6,6,6.0,0.0,103896.1039,25974.02597,77.0,0.0,77,77,0,0.0,0.0,0,0,0,0.0,0.0,0,0,0,0,24,20,12987.01299,12987.01299,2,6,3.333333333,2.309401077,5.333333333,0,0,0,1,0,0,0,0,1,5.0,2.0,6.0,1,2,1,6,1024,0,0,24,0.0,0.0,0,0,0.0,0.0,0,0,PortScan
53,60415,1,1,47,239,47,47,47.0,0.0,239,239,239.0,0.0,4733.923694,33.1043615,60415.0,0.0,60415,60415,0,0.0,0.0,0,0,0,0.0,0.0,0,0,0,0,20,20,16.55218075,16.55218075,47,239,111.0,110.8512517,12288.0,0,0,0,0,0,0,0,0,1,166.5,47.0,239.0,1,47,1,239,-1,-1,0,20,0.0,0.0,0,0,0.0,0.0,0,0,BENIGN
1032,51,1,1,0,6,0,0,0.0,0.0,6,6,6.0,0.0,117647.0588,39215.68627,51.0,0.0,51,51,0,0.0,0.0,0,0,0,0.0,0.0,0,0,0,0,40,20,19607.84314,19607.84314,0,6,2.0,3.464101615,12.0,0,0,0,1,0,0,0,0,1,3.0,0.0,6.0,1,0,1,6,29200,0,0,40,0.0,0.0,0,0,0.0,0.0,0,0,PortScan
80,100847624,7,6,375,11595,375,0,53.57142857,141.7366774,5792,0,1932.5,2181.008184,118.6939218,0.12890735,8403968.667,29100000.0,101000000,3,101000000,16800000.0,41100000.0,101000000,3,87297,17459.4,34110.51833,78094,44,0,0,232,200,0.06941165,0.0594957,0,5792,855.0,1666.35475,2776738.154,0,0,0,0,1,0,0,0,0,920.7692308,53.57142857,1932.5,7,375,6,11595,274,235,1,32,991.0,0.0,991,991,101000000.0,0.0,101000000,101000000,DoS Hulk
80,106037290,5,4,247,0,231,0,49.4,101.5962598,0,0,0.0,0.0,2.329369225,0.084875802,13300000.0,35100000.0,100000000,26,106000000,26500000.0,49100000.0,100000000,216,106000000,35300000.0,56100000.0,100000000,818,0,0,168,136,0.047153223,0.037722579,0,231,24.7,72.5626932,5265.344444,0,0,0,1,0,0,0,0,0,27.44444444,49.4,0.0,5,247,4,0,29200,235,3,32,453.5,552.2503961,844,63,53000000.0,66400000.0,100000000,6036815,DoS slowloris
80,3920903,4,0,24,0,6,6,6.0,0.0,0,0,0.0,0.0,6.121038955,1.020173159,1306967.667,2263729.206,3920897,1,3920903,1306967.667,2263729.206,3920897,1,0,0.0,0.0,0,0,0,0,80,0,1.020173159,0.0,6,6,6.0,0.0,0.0,0,0,0,0,1,0,0,0,0,7.5,6.0,0.0,4,24,0,0,256,-1,3,20,0.0,0.0,0,0,0.0,0.0,0,0,DDoS
57447,391,1,1,0,0,0,0,0.0,0.0,0,0,0.0,0.0,0.0,5115.089514,391.0,0.0,391,391,0,0.0,0.0,0,0,0,0.0,0.0,0,0,0,0,20,20,2557.544757,2557.544757,0,0,0.0,0.0,0.0,0,0,0,0,1,1,0,0,1,0.0,0.0,0.0,1,0,1,0,31,32850,0,20,0.0,0.0,0,0,0.0,0.0,0,0,BENIGN
53,50327,1,1,42,123,42,42,42.0,0.0,123,123,123.0,0.0,3278.558229,39.74009975,50327.0,0.0,50327,50327,0,0.0,0.0,0,0,0,0.0,0.0,0,0,0,0,32,32,19.87004987,19.87004987,42,123,69.0,46.7653718,2187.0,0,0,0,0,0,0,0,0,1,103.5,42.0,123.0,1,42,1,123,-1,-1,0,32,0.0,0.0,0,0,0.0,0.0,0,0,BENIGN
41511,27,1,1,0,6,0,0,0.0,0.0,6,6,6.0,0.0,222222.2222,74074.07407,27.0,0.0,27,27,0,0.0,0.0,0,0,0,0.0,0.0,0,0,0,0,40,20,37037.03704,37037.03704,0,6,2.0,3.464101615,12.0,0,0,0,1,0,0,0,0,1,3.0,0.0,6.0,1,0,1,6,29200,0,0,40,0.0,0.0,0,0,0.0,0.0,0,0,PortScan
80,103575642,15,3,2390,6,239,0,159.3333333,115.4826311,6,0,2.0,3.464101615,23.13285203,0.173786034,6092684.824,12900000.0,51300000,93,104000000,7398253.5,13900000.0,51300000,367,103000000,51300000.0,28100000.0,71200000,31400000,0,0,496,100,0.144821695,0.028964339,0,239,126.1052632,121.4271134,14744.54386,0,0,0,1,0,0,0,0,0,133.1111111,159.3333333,2.0,15,2390,3,6,29200,0,11,32,3704560.0,5238255.52,7408566,554,19200000.0,18800000.0,51300000,5771583,DoS slowloris
80,10965733,4,0,24,0,6,6,6.0,0.0,0,0,0.0,0.0,2.188636181,0.364772697,3655244.333,6326723.363,11000000,1003,11000000,3655244.333,6326723.363,11000000,1003,0,0.0,0.0,0,0,0,0,80,0,0.364772697,0.0,6,6,6.0,0.0,0.0,0,0,0,0,1,0,0,0,0,7.5,6.0,0.0,4,24,0,0,256,-1,3,20,5018.0,0.0,5018,5018,11000000.0,0.0,11000000,11000000,DDoS
443,221528,15,15,852,12105,213,0,56.8,76.2713202043,2028,0,807.0,743.3823280885,58489.2203242931,135.4230616446,7638.8965517241,12583.2542813989,45824,1,221528,15823.4285714286,15799.3858727497,45974,18,130219,9301.3571428572,18106.5897719678,57287,1,0,0,320,312,67.7115308223,67.7115308223,0,2028,417.9677419355,638.2163940165,407320.165591398,0,0,0,1,0,0,0,0,1,431.9,56.8,807.0,15,852,15,12105,29200,292,14,20,0.0,0.0,0,0,0.0,0.0,0,0,BENIGN
80,5325067,3,1,0,0,0,0,0.0,0.0,0,0,0.0,0.0,0.0,0.751164258,1775022.333,3073656.388,5324175,128,5325067,2662533.5,3764129.507,5324175,892,0,0.0,0.0,0,0,0,0,104,40,0.563373193,0.187791064,0,0,0.0,0.0,0.0,0,0,0,1,0,0,0,0,0,0.0,0.0,0.0,3,0,1,0,29200,28960,0,32,0.0,0.0,0,0,0.0,0.0,0,0,Web Attack - XSS
80,11325158,4,4,364,3525,364,0,91.0,182.0,3525,0,881.25,1762.5,343.3947676,0.706391911,1617879.714,2786997.338,6321671,39,6328829,2109609.667,3653292.089,6328068,139,11300000,3775039.667,3334480.359,6321671,772,0,0,136,136,0.353195955,0.353195955,0,3525,432.1111111,1166.06394,1359705.111,0,0,0,1,0,0,0,0,1,486.125,91.0,881.25,4,364,4,3525,29200,235,1,32,811.0,0.0,811,811,6321671.0,0.0,6321671,6321671,DoS GoldenEye
444,116393329,504,504,171452,3024,1027,6,340.1825397,232.8178974,6,6,6.0,0.0,1499.020618,8.660290144,115584.2393,2049749.033,49900000,3,66500000,132266.4513,1864597.947,41500000,86,116000000,231365.3658,2897059.779,49900000,525,0,0,10080,10080,4.330145072,4.330145072,6,1027,172.925669,234.5111418,54995.47562,0,0,0,0,1,0,0,0,1,173.0972222,340.1825397,6.0,504,171452,504,3024,3294,3294,503,20,21900000.0,0.0,21900000,21900000,41500000.0,0.0,41500000,41500000,Infiltration
444,24719667,590,436,7442,1636683,5792,0,12.61355932,238.7086577,13032,0,3753.860092,2363.881447,66510.80696,41.50541348,24116.74829,149983.8918,995832,0,24700000,41968.87436,197466.2052,996919,0,24100000,55301.75862,225933.6008,995832,2,0,0,18880,13952,23.86763543,17.63777805,0,13032,1606.540409,2416.475297,5839352.859,0,0,0,0,1,0,0,0,0,1608.106238,12.61355932,3753.860092,590,7442,436,1636683,349,349,25,32,0.0,0.0,0,0,0.0,0.0,0,0,Heartbleed
22,11056174,21,32,2008,2745,640,0,95.61904762,140.0451628,976,0,85.78125,220.240592,429.8955498,4.793701691,212618.7308,579298.3449,2280449,3,9169664,458483.2,821613.2382,2325563,241,11100000,356647.1613,719380.2112,2280449,3,0,0,680,1032,1.899391236,2.894310455,0,976,88.01851852,189.5902723,35944.47135,0,0,0,1,0,0,0,0,1,89.67924528,95.61904762,85.78125,21,2008,32,2745,29200,247,16,32,0.0,0.0,0,0,0.0,0.0,0,0,SSH-Patator
43080,111617,2,1,0,0,0,0,0.0,0.0,0,0,0.0,0.0,0.0,26.87762617,55808.5,78850.18428,111564,53,111617,111617.0,0.0,111617,111617,0,0.0,0.0,0,0,0,0,64,32,17.91841745,8.959208723,0,0,0.0,0.0,0.0,0,0,0,0,1,1,0,0,0,0.0,0.0,0.0,2,0,1,0,37,2433,0,32,0.0,0.0,0,0,0.0,0.0,0,0,BENIGN
444,18897509,8,0,7366,0,1460,6,920.75,634.2340149,0,0,0.0,0.0,389.7868232,0.423336219,2699644.143,3456029.564,9600510,291814,18900000,2699644.143,3456029.564,9600510,291814,0,0.0,0.0,0,0,1,0,160,0,0.423336219,0.0,6,1460,825.1111111,659.0086199,434292.3611,0,1,0,0,1,0,0,0,0,928.25,920.75,0.0,8,7366,0,0,255,-1,7,20,9296999.0,0.0,9296999,9296999,9600510.0,0.0,9600510,9600510,Infiltration
80,5016759,5,5,599,4149,599,0,119.8,267.8809437,2701,0,829.8,1219.555739,946.4277634,1.993318794,557417.6667,1667490.203,5004049,4,12710,3177.5,5465.625216,11356,4,5016632,1254158.0,2500655.185,5005134,47,0,0,168,168,0.996659397,0.996659397,0,2701,431.6363636,877.5817082,770149.6545,0,0,0,1,0,0,0,0,1,474.8,119.8,829.8,5,599,5,4149,29200,236,1,32,0.0,0.0,0,0,0.0,0.0,0,0,Web Attack - Sql Injection
8080,994727,3,3,0,18,0,0,0.0,0.0,6,6,6.0,0.0,18.09541713,6.031805712,198945.4,271746.3256,499619,404,994291,497145.5,4069.399526,500023,494268,994079,497039.5,4264.560997,500055,494024,0,0,92,60,3.015902856,3.015902856,0,6,2.571428571,3.207134903,10.28571429,0,0,0,1,0,0,0,0,1,3.0,0.0,6.0,3,0,3,18,8192,0,0,28,0.0,0.0,0,0,0.0,0.0,0,0,Bot
21,10236790,9,15,110,188,26,0,12.22222222,10.02219759,34,0,12.53333333,14.54975045,29.11068802,2.344484941,445077.8261,1157326.157,3610332,3,6585537,823192.125,1520776.219,3340070,49,10200000,731189.2857,1428778.314,3610332,3,0,0,296,488,0.879181853,1.465303088,0,34,11.92,12.77340988,163.16,0,0,0,1,0,0,0,0,1,12.41666667,12.22222222,12.53333333,9,110,15,188,29200,227,6,32,0.0,0.0,0,0,0.0,0.0,0,0,FTP-Patator
80,5541454,3,1,0,0,0,0,0.0,0.0,0,0,0.0,0.0,0.0,0.721832212,1847151.333,3198609.131,5540587,111,5541454,2770727.0,3917173.578,5540587,867,0,0.0,0.0,0,0,0,0,104,40,0.541374159,0.180458053,0,0,0.0,0.0,0.0,0,0,0,1,0,0,0,0,0,0.0,0.0,0.0,3,0,1,0,29200,28960,0,32,0.0,0.0,0,0,0.0,0.0,0,0,Web Attack - Brute Force
80,102670651,14,3,2541,6,231,0,181.5,98.36333745,6,0,2.0,3.464101615,24.80747882,0.16557799,6416915.688,13200000.0,51300000,110,103000000,7897733.923,14300000.0,51300000,517,103000000,51300000.0,28000000.0,71200000,31500000,0,0,456,100,0.136358345,0.029219645,0,231,141.5,115.4547276,13329.79412,0,0,0,1,0,0,0,0,0,149.8235294,181.5,2.0,14,2541,3,6,29200,0,11,32,3208167.5,4535926.66,6415552,783,19300000.0,18800000.0,51300000,5837831,DoS slowloris
80,16406177,5,7,730,11595,365,0,146.0,199.9187335,5792,0,1656.428571,2118.227235,751.2414379,0.731431826,1491470.636,4828216.325,16000000,46,16300000,4067133.0,7987510.62,16000000,1013,358571,59761.83333,96127.31301,220977,46,0,0,176,232,0.304763261,0.426668565,0,5792,948.0769231,1700.710903,2892417.577,0,0,0,1,0,0,0,0,1,1027.083333,146.0,1656.428571,5,730,7,11595,29200,235,2,32,0.0,0.0,0,0,16000000.0,0.0,16000000,16000000,DoS Hulk
443,105015879,13,18,471,465,63,6,36.23076923,23.38145222,59,6,25.83333333,22.17643158,8.912937823,0.295193454,3500529.3,7485752.377,24900000,202,105000000,8743970.917,9919389.016,25000000,81689,105000000,6174437.941,9186259.492,24900000,313,1,0,260,360,0.123790803,0.17140265,6,63,31.21875,23.26527854,541.2731855,0,1,0,0,1,0,0,0,1,32.22580645,36.23076923,25.83333333,13,471,18,465,253,114,12,20,928075.8333,2003113.81,5015689,83641,16600000.0,8047280.002,24900000,5091951,BENIGN
80,100000763,2,2,16,0,8,8,8.0,0.0,0,0,0.0,0.0,0.159998779,0.039999695,33300000.0,57700000.0,100000000,67,100000000,100000000.0,0.0,100000000,100000000,100000000,100000000.0,0.0,100000000,100000000,1,0,64,64,0.019999847,0.019999847,0,8,4.8,4.38178046,19.2,0,1,0,0,1,0,0,0,1,6.0,8.0,0.0,2,16,2,0,229,235,1,32,140.0,0.0,140,140,100000000.0,0.0,100000000,100000000,DoS slowloris
53,74155,1,1,59,317,59,59,59.0,0.0,317,317,317.0,0.0,5070.460522,26.97053469,74155.0,0.0,74155,74155,0,0.0,0.0,0,0,0,0.0,0.0,0,0,0,0,20,20,13.48526735,13.48526735,59,317,145.0,148.9563695,22188.0,0,0,0,0,0,0,0,0,1,217.5,59.0,317.0,1,59,1,317,-1,-1,0,20,0.0,0.0,0,0,0.0,0.0,0,0,BENIGN
52276,42,1,1,6,6,6,6,6.0,0.0,6,6,6.0,0.0,285714.285714286,47619.0476190476,42.0,0.0,42,42,0,0.0,0.0,0,0,0,0.0,0.0,0,0,0,0,20,20,23809.5238095238,23809.5238095238,6,6,6.0,0.0,0.0,0,0,0,0,1,1,0,0,1,9.0,6.0,6.0,1,6,1,6,245,16062,0,20,0.0,0.0,0,0,0.0,0.0,0,0,BENIGN
53,46838,1,1,72,133,72,72,72.0,0.0,133,133,133.0,0.0,4376.788078,42.70037149,46838.0,0.0,46838,46838,0,0.0,0.0,0,0,0,0.0,0.0,0,0,0,0,20,20,21.35018575,21.35018575,72,133,92.33333333,35.21836642,1240.333333,0,0,0,0,0,0,0,0,1,138.5,72.0,133.0,1,72,1,133,-1,-1,0,20,0.0,0.0,0,0,0.0,0.0,0,0,BENIGN
6689,29,1,1,2,6,2,2,2.0,0.0,6,6,6.0,0.0,275862.069,68965.51724,29.0,0.0,29,29,0,0.0,0.0,0,0,0,0.0,0.0,0,0,0,0,24,20,34482.75862,34482.75862,2,6,3.333333333,2.309401077,5.333333333,0,0,0,1,0,0,0,0,1,5.0,2.0,6.0,1,2,1,6,1024,0,0,24,0.0,0.0,0,0,0.0,0.0,0,0,PortScan
80,105691881,16,3,2541,6,231,0,158.8125,110.5828309,6,0,2.0,3.464101615,24.09835056,0.179767829,5871771.167,12500000.0,51300000,63,106000000,7046120.867,13500000.0,51300000,329,103000000,51300000.0,28200000.0,71300000,31400000,0,0,536,100,0.151383435,0.028384394,0,231,127.35,117.5733925,13823.50263,0,0,0,1,0,0,0,0,0,134.0526316,158.8125,2.0,16,2541,3,6,29200,0,11,32,4706545.5,6655339.229,9412581,510,19300000.0,18800000.0,51300000,5743765,DoS slowloris
80,5134253,3,1,0,0,0,0,0.0,0.0,0,0,0.0,0.0,0.0,0.779081202,1711417.667,2963652.678,5133549,137,5134253,2567126.5,3629469.506,5133549,704,0,0.0,0.0,0,0,0,0,104,40,0.584310902,0.194770301,0,0,0.0,0.0,0.0,0,0,0,1,0,0,0,0,0,0.0,0.0,0.0,3,0,1,0,29200,28960,0,32,0.0,0.0,0,0,0.0,0.0,0,0,Web Attack - Brute Force
53531,151,1,1,0,0,0,0,0.0,0.0,0,0,0.0,0.0,0.0,13245.03311,151.0,0.0,151,151,0,0.0,0.0,0,0,0,0.0,0.0,0,0,0,0,32,32,6622.516556,6622.516556,0,0,0.0,0.0,0.0,0,0,0,0,1,1,0,0,1,0.0,0.0,0.0,1,0,1,0,352,32832,0,32,0.0,0.0,0,0,0.0,0.0,0,0,BENIGN
22,13060116,23,32,2024,2745,640,0,88.0,136.5124037,976,0,85.78125,220.240592,365.157553,4.211294907,241854.0,671130.1766,2534794,4,11100000,505350.5909,953201.8609,2596238,49,13100000,421289.9032,847177.7825,2534794,4,0,0,744,1032,1.761086961,2.450207946,0,976,85.16071429,186.8941146,34929.41006,0,0,0,1,0,0,0,0,1,86.70909091,88.0,85.78125,23,2024,32,2745,29200,257,16,32,0.0,0.0,0,0,0.0,0.0,0,0,SSH-Patator
21,248,2,1,14,0,14,0,7.0,9.899494937,0,0,0.0,0.0,56451.6129,12096.77419,124.0,74.95331881,177,71,248,248.0,0.0,248,248,0,0.0,0.0,0,0,1,0,64,20,8064.516129,4032.258065,0,14,7.0,8.082903769,65.33333333,0,1,0,0,1,0,0,0,0,9.333333333,7.0,0.0,2,14,1,0,229,0,0,32,0.0,0.0,0,0,0.0,0.0,0,0,FTP-Patator
444,119973135,4376,4374,2321478,26244,1273,6,530.5022852,262.7688148,6,6,6.0,0.0,19568.73095,72.93299454,13712.7826,20459.26463,1163091,1,120000000,27422.43086,23472.11964,1196394,95,120000000,27431.07249,22575.23889,1163557,527,0,0,87520,87480,36.47483247,36.45816207,6,1273,268.2811107,321.4144458,103307.246,0,0,0,0,1,0,0,0,0,268.3117714,530.5022852,6.0,4376,2321478,4374,26244,3294,3294,4375,20,0.0,0.0,0,0,0.0,0.0,0,0,Infiltration
80,98865657,8,6,361,11595,361,0,45.125,127.632774,5792,0,1932.5,2181.008184,120.9317812,0.141606301,7605050.538,27400000.0,98700000,1,98700000,14100000.0,37300000.0,98700000,1,150436,30087.2,60610.11082,138115,46,0,0,264,200,0.080917886,0.060688415,0,5792,797.0666667,1621.108812,2627993.781,0,0,0,0,1,0,0,0,0,854.0,45.125,1932.5,8,361,6,11595,274,235,1,32,1990.0,0.0,1990,1990,98700000.0,0.0,98700000,98700000,DoS Hulk
80,5946273,3,1,0,0,0,0,0.0,0.0,0,0,0.0,0.0,0.0,0.672690272,1982091.0,3432539.326,5945646,103,5946273,2973136.5,4203763.249,5945646,627,0,0.0,0.0,0,0,0,0,104,40,0.504517704,0.168172568,0,0,0.0,0.0,0.0,0,0,0,1,0,0,0,0,0,0.0,0.0,0.0,3,0,1,0,29200,28960,0,32,0.0,0.0,0,0,0.0,0.0,0,0,Web Attack - Brute Force
80,18686,3,6,26,11607,20,0,8.666666667,10.26320288,5840,0,1934.5,2538.919278,622551.6429,481.6440116,2335.75,6178.563443,17613,3,961,480.5,458.912301,805,156,18669,3733.8,7770.136981,17613,3,0,0,72,132,160.5480039,321.0960077,0,5840,1163.3,2138.329153,4572451.567,0,0,0,1,0,0,0,0,2,1292.555556,8.666666667,1934.5,3,26,6,11607,8192,229,2,20,0.0,0.0,0,0,0.0,0.0,0,0,DDoS
49451,31853,8,1,571,6,242,6,71.375,73.7388006,6,6,6.0,0.0,18114.46332,282.5479547,3981.625,11129.04584,31524,1,31853,4550.428571,11919.18774,31580,1,0,0.0,0.0,0,0,1,0,160,20,251.1537375,31.39421719,6,242,81.9,88.40619636,7815.655556,0,1,0,0,1,0,0,0,0,91.0,71.375,6.0,8,571,1,6,119,0,7,20,0.0,0.0,0,0,0.0,0.0,0,0,BENIGN
80,682860,3,7,26,11601,20,0,8.666666667,10.26320288,5840,0,1657.285714,1964.895647,17026.91621,14.64429019,75873.33333,219611.6126,661221,24,20921,10460.5,14722.67029,20871,50,682762,113793.6667,268311.0222,661221,45,0,0,72,152,4.393287057,10.25100313,0,5840,1057.0,1734.985821,3010175.8,0,0,0,1,0,0,0,0,2,1162.7,8.666666667,1657.285714,3,26,7,11601,8192,229,2,20,0.0,0.0,0,0,0.0,0.0,0,0,DDoS
80,1736960,4,0,24,0,6,6,6.0,0.0,0,0,0.0,0.0,13.81724392,2.302873987,578986.6667,1001967.556,1735959,3,1736960,578986.6667,1001967.556,1735959,3,0,0.0,0.0,0,0,0,0,80,0,2.302873987,0.0,6,6,6.0,0.0,0.0,0,0,0,0,1,0,0,0,0,7.5,6.0,0.0,4,24,0,0,256,-1,3,20,0.0,0.0,0,0,0.0,0.0,0,0,DDoS
53,203,2,2,74,154,37,37,37.0,0.0,77,77,77.0,0.0,1123152.709,19704.4335,67.66666667,76.4220736,152,3,48,48.0,0.0,48,48,3,3.0,0.0,3,3,0,0,64,64,9852.216749,9852.216749,37,77,53.0,21.9089023,480.0,0,0,0,0,0,0,0,0,1,66.25,37.0,77.0,2,74,2,154,-1,-1,1,32,0.0,0.0,0,0,0.0,0.0,0,0,BENIGN
50499,4,1,1,6,6,6,6,6.0,0.0,6,6,6.0,0.0,3000000.0,500000.0,4.0,0.0,4,4,0,0.0,0.0,0,0,0,0.0,0.0,0,0,0,0,20,20,250000.0,250000.0,6,6,6.0,0.0,0.0,0,0,0,0,1,1,0,0,1,9.0,6.0,6.0,1,6,1,6,123,251,0,20,0.0,0.0,0,0,0.0,0.0,0,0,BENIGN
443,687173,9,7,1090,4936,693,0,121.1111111111,227.9711848263,1460,0,705.1428571429,668.9343337407,8769.2618889275,23.2838018956,45811.5333333333,68097.2946744652,189966,31,617964,77245.5,86349.6666500307,193830,226,497207,82867.8333333333,94676.6430360026,196691,208,0,0,200,152,13.0971385663,10.1866633293,0,1460,354.4705882353,534.8575882475,286072.639705882,0,0,0,1,0,0,0,0,0,376.625,121.1111111111,705.1428571429,9,1090,7,4936,29200,256,8,20,0.0,0.0,0,0,0.0,0.0,0,0,BENIGN
80,104800671,2,1,433,6,433,0,216.5,306.1772363,6,6,6.0,0.0,4.188904478,0.028625771,52400000.0,74100000.0,105000000,76,105000000,105000000.0,0.0,105000000,105000000,0,0.0,0.0,0,0,0,0,64,20,0.019083847,0.009541924,0,433,109.75,215.5185607,46448.25,0,0,0,0,1,0,0,0,0,146.3333333,216.5,6.0,2,433,1,6,410,0,1,32,0.0,0.0,0,0,105000000.0,0.0,105000000,105000000,DoS GoldenEye
443,15573,4,1,529,0,517,0,132.25,256.5155941,0,0,0.0,0.0,33969.049,321.068516,3893.25,7567.439962,15244,44,15573,5191.0,8744.42834,15288,88,0,0.0,0.0,0,0,0,0,100,32,256.8548128,64.2137032,0,517,88.16666667,210.1051324,44144.16667,0,0,0,1,0,0,0,0,0,105.8,132.25,0.0,4,529,1,0,29200,29200,3,20,0.0,0.0,0,0,0.0,0.0,0,0,BENIGN
80,5005388,5,3,599,2021,599,0,119.8,267.8809437,2021,0,673.6666667,1166.824894,523.4359454,1.598277696,715055.4286,1889547.295,5000145,4,5005388,1251347.0,2499199.36,5000145,4,4429,2214.5,1892.924853,3553,876,0,0,168,104,0.99892356,0.599354136,0,2021,291.1111111,678.2819186,460066.3611,0,0,0,1,0,0,0,0,0,327.5,119.8,673.6666667,5,599,3,2021,29200,236,1,32,0.0,0.0,0,0,0.0,0.0,0,0,Web Attack - Sql Injection
22,108,1,1,0,0,0,0,0.0,0.0,0,0,0.0,0.0,0.0,18518.51852,108.0,0.0,108,108,0,0.0,0.0,0,0,0,0.0,0.0,0,0,0,0,32,32,9259.259259,9259.259259,0,0,0.0,0.0,0.0,0,0,0,0,1,1,0,0,1,0.0,0.0,0.0,1,0,1,0,259,247,0,32,0.0,0.0,0,0,0.0,0.0,0,0,SSH-Patator
80,512661,4,2,231,0,231,0,57.75,115.5,0,0,0.0,0.0,450.5901561,11.70364042,102532.2,228816.9023,511852,3,512661,170887.0,295340.0086,511916,3,762,762.0,0.0,762,762,0,0,136,72,7.802426945,3.901213472,0,231,33.0,87.30979327,7623.0,0,0,0,1,0,0,0,0,0,38.5,57.75,0.0,4,231,2,0,29200,235,1,32,0.0,0.0,0,0,0.0,0.0,0,0,DoS slowloris
5280,50,1,1,0,6,0,0,0.0,0.0,6,6,6.0,0.0,120000.0,40000.0,50.0,0.0,50,50,0,0.0,0.0,0,0,0,0.0,0.0,0,0,0,0,40,20,20000.0,20000.0,0,6,2.0,3.464101615,12.0,0,0,0,1,0,0,0,0,1,3.0,0.0,6.0,1,0,1,6,29200,0,0,40,0.0,0.0,0,0,0.0,0.0,0,0,PortScan
80,5736845,3,1,0,0,0,0,0.0,0.0,0,0,0.0,0.0,0.0,0.697247355,1912281.667,3311564.528,5736147,110,5736845,2868422.5,4055574.881,5736147,698,0,0.0,0.0,0,0,0,0,104,40,0.522935516,0.174311839,0,0,0.0,0.0,0.0,0,0,0,1,0,0,0,0,0,0.0,0.0,0.0,3,0,1,0,29200,28960,0,32,0.0,0.0,0,0,0.0,0.0,0,0,Web Attack - Brute Force
21,223,2,1,14,0,14,0,7.0,9.899494937,0,0,0.0,0.0,62780.26906,13452.9148,111.5,43.13351365,142,81,223,223.0,0.0,223,223,0,0.0,0.0,0,0,1,0,64,20,8968.609865,4484.304933,0,14,7.0,8.082903769,65.33333333,0,1,0,0,1,0,0,0,0,9.333333333,7.0,0.0,2,14,1,0,229,0,0,32,0.0,0.0,0,0,0.0,0.0,0,0,FTP-Patator
80,102633669,14,3,2541,6,231,0,181.5,98.36333745,6,0,2.0,3.464101615,24.8164177,0.165637652,6414604.313,13200000.0,51300000,4,103000000,7894890.692,14300000.0,51300000,4,103000000,51300000.0,28100000.0,71200000,31500000,0,0,456,100,0.136407479,0.029230174,0,231,141.5,115.4547276,13329.79412,0,0,0,1,0,0,0,0,0,149.8235294,181.5,2.0,14,2541,3,6,29200,0,11,32,3205495.5,4532604.672,6410531,460,19200000.0,18800000.0,51300000,5837036,DoS slowloris
80,3003757,3,0,0,0,0,0,0.0,0.0,0,0,0.0,0.0,0.0,0.998749233,1501878.5,709981.1703,2003911,999846,3003757,1501878.5,709981.1703,2003911,999846,0,0.0,0.0,0,0,0,0,120,0,0.998749233,0.0,0,0,0.0,0.0,0.0,0,0,0,1,0,0,0,0,0,0.0,0.0,0.0,3,0,0,0,29200,-1,0,40,0.0,0.0,0,0,0.0,0.0,0,0,DoS slowloris
22,12736223,21,32,2008,2745,640,0,95.61904762,140.0451628,976,0,85.78125,220.240592,373.1875612,4.161359298,244927.3654,659664.5278,2227448,3,10500000,523393.9,921016.4009,2300885,368,12700000,410840.7742,818189.7116,2227448,3,0,0,680,1032,1.648840476,2.512518821,0,976,88.01851852,189.5902723,35944.47135,0,0,0,1,0,0,0,0,1,89.67924528,95.61904762,85.78125,21,2008,32,2745,29200,247,16,32,0.0,0.0,0,0,0.0,0.0,0,0,SSH-Patator
80,42,1,1,0,0,0,0,0.0,0.0,0,0,0.0,0.0,0.0,47619.04762,42.0,0.0,42,42,0,0.0,0.0,0,0,0,0.0,0.0,0,0,0,0,32,32,23809.52381,23809.52381,0,0,0.0,0.0,0.0,0,0,0,0,1,1,0,0,1,0.0,0.0,0.0,1,0,1,0,257,235,0,32,0.0,0.0,0,0,0.0,0.0,0,0,Web Attack - Sql Injection
444,4042518,2,1,101,6,95,6,50.5,62.93250353,6,6,6.0,0.0,26.46865147,0.742111723,2021259.0,2857728.216,4041978,540,4041978,4041978.0,0.0,4041978,4041978,0,0.0,0.0,0,0,0,0,40,20,0.494741149,0.247370574,6,95,28.25,44.5,1980.25,0,0,0,0,1,0,0,0,0,37.66666667,50.5,6.0,2,101,1,6,255,0,1,20,0.0,0.0,0,0,0.0,0.0,0,0,Infiltration
80,5512253,3,1,0,0,0,0,0.0,0.0,0,0,0.0,0.0,0.0,0.725656097,1837417.667,3181718.75,5511350,117,5512253,2756126.5,3896474.441,5511350,903,0,0.0,0.0,0,0,0,0,104,40,0.544242073,0.181414024,0,0,0.0,0.0,0.0,0,0,0,1,0,0,0,0,0,0.0,0.0,0.0,3,0,1,0,29200,28960,0,32,0.0,0.0,0,0,0.0,0.0,0,0,Web Attack - XSS
80,5009163,4,4,599,2021,599,0,149.75,299.5,2021,0,505.25,1010.5,523.0414742,1.597073204,715594.7143,1890923.412,5003805,56,5358,1786.0,2252.041074,4381,343,5009082,1669694.0,2888011.439,5004482,952,0,0,136,136,0.798536602,0.798536602,0,2021,291.1111111,678.2819186,460066.3611,0,0,0,1,0,0,0,0,1,327.5,149.75,505.25,4,599,4,2021,29200,236,1,32,0.0,0.0,0,0,0.0,0.0,0,0,Web Attack - Sql Injection
5050,27,1,1,0,6,0,0,0.0,0.0,6,6,6.0,0.0,222222.2222,74074.07407,27.0,0.0,27,27,0,0.0,0.0,0,0,0,0.0,0.0,0,0,0,0,40,20,37037.03704,37037.03704,0,6,2.0,3.464101615,12.0,0,0,0,1,0,0,0,0,1,3.0,0.0,6.0,1,0,1,6,29200,0,0,40,0.0,0.0,0,0,0.0,0.0,0,0,PortScan
80,102685340,14,3,2541,6,231,0,181.5,98.36333745,6,0,2.0,3.464101615,24.80393014,0.165554304,6417833.75,13200000.0,51300000,51,103000000,7898862.308,14400000.0,51300000,331,103000000,51300000.0,28200000.0,71300000,31400000,0,0,456,100,0.136338839,0.029215465,0,231,141.5,115.4547276,13329.79412,0,0,0,1,0,0,0,0,0,149.8235294,181.5,2.0,14,2541,3,6,29200,0,11,32,3207472.0,4535278.243,6414398,546,19300000.0,18800000.0,51300000,5737112,DoS slowloris
80,99628885,8,5,338,11595,338,0,42.25,119.501046,7240,0,2319.0,3331.638186,119.7745011,0.130484247,8302407.083,28700000.0,99600000,1,99600000,14200000.0,37600000.0,99600000,1,52618,13154.5,19955.5145,42273,159,0,0,264,168,0.080297998,0.050186249,0,7240,852.3571429,2170.273347,4710086.401,0,0,0,0,1,0,0,0,0,917.9230769,42.25,2319.0,8,338,5,11595,274,235,1,32,1017.0,0.0,1017,1017,99600000.0,0.0,99600000,99600000,DoS Hulk
443,5382615,7,4,328,138,232,0,46.85714286,84.95573077,85,0,34.5,41.92453538,86.57501976,2.043616346,538261.5,1676076.218,5308354,3,5382615,897102.5,2172804.922,5332261,3,50305,16768.33333,14356.50035,25600,203,0,0,152,84,1.300483129,0.743133217,0,232,38.83333333,67.83111827,4601.060606,0,0,0,1,0,0,0,0,0,42.36363636,46.85714286,34.5,7,328,4,138,8192,35165,3,20,74258.0,0.0,74258,74258,5308354.0,0.0,5308354,5308354,BENIGN
80,105591811,16,3,2541,6,231,0,158.8125,110.5828309,6,0,2.0,3.464101615,24.12118872,0.179938196,5866211.722,12500000.0,51300000,112,106000000,7039446.6,13500000.0,51300000,461,103000000,51300000.0,28100000.0,71200000,31400000,0,0,536,100,0.151526902,0.028411294,0,231,127.35,117.5733925,13823.50263,0,0,0,1,0,0,0,0,0,134.0526316,158.8125,2.0,16,2541,3,6,29200,0,11,32,4708730.0,6658090.582,9416711,749,19200000.0,18800000.0,51300000,5766831,DoS slowloris
80,13088044,2,0,374,0,187,187,187.0,0.0,0,0,0.0,0.0,28.57569855,0.152811222,13100000.0,0.0,13100000,13100000,13100000,13100000.0,0.0,13100000,13100000,0,0.0,0.0,0,0,1,0,64,0,0.152811222,0.0,187,187,187.0,0.0,0.0,0,1,0,0,1,1,0,0,0,280.5,187.0,0.0,2,374,0,0,229,-1,1,32,0.0,0.0,0,0,0.0,0.0,0,0,DoS Slowhttptest
444,42664070,5,6,141,291,93,0,28.2,38.8612918,267,0,48.5,107.0696035,10.12561624,0.257828191,4266407.0,13400000.0,42400000,29,255908,63977.0,94867.03992,201415,609,42700000,8532630.2,18900000.0,42400000,595,0,0,112,132,0.117194632,0.140633559,0,267,36.0,77.39978858,5990.727273,0,0,0,1,0,0,0,0,1,39.27272727,28.2,48.5,5,141,6,291,8192,229,4,20,0.0,0.0,0,0,0.0,0.0,0,0,Infiltration
8080,71722,4,3,206,134,194,0,51.5,95.04209594,128,0,44.66666667,72.23111056,4740.52592,97.59906305,11953.66667,28140.64748,69391,47,71722,23907.33333,40680.38043,70879,47,70047,35023.5,48602.9846,69391,656,0,0,92,72,55.77089317,41.82816988,0,194,42.5,75.2880184,5668.285714,0,0,0,1,0,0,0,0,0,48.57142857,51.5,44.66666667,4,206,3,134,8192,237,3,20,0.0,0.0,0,0,0.0,0.0,0,0,Bot
60903,86,1,1,0,0,0,0,0.0,0.0,0,0,0.0,0.0,0.0,23255.81395,86.0,0.0,86,86,0,0.0,0.0,0,0,0,0.0,0.0,0,0,0,0,32,32,11627.90698,11627.90698,0,0,0.0,0.0,0.0,0,0,0,0,1,1,0,0,1,0.0,0.0,0.0,1,0,1,0,353,32832,0,32,0.0,0.0,0,0,0.0,0.0,0,0,BENIGN
139,87,2,2,0,12,0,0,0.0,0.0,6,6,6.0,0.0,137931.0345,45977.01149,29.0,45.033321,81,3,3,3.0,0.0,3,3,3,3.0,0.0,3,3,0,0,80,40,22988.50575,22988.50575,0,6,2.4,3.286335345,10.8,0,0,0,0,1,0,0,0,1,3.0,0.0,6.0,2,0,2,12,1024,0,0,40,0.0,0.0,0,0,0.0,0.0,0,0,BENIGN
443,60746216,16,15,1733,5907,670,0,108.3125,223.9451477,1980,2,393.8,668.1977038,125.7691508,0.510319853,2024873.867,4048416.345,10100000,29,60700000,4049747.733,5052197.267,10100000,375,60700000,4335396.929,5116187.228,10100000,49,0,0,332,304,0.263390892,0.246928961,0,1980,238.75,498.1558896,248159.2903,0,0,0,1,0,0,0,0,0,246.4516129,108.3125,393.8,16,1733,15,5907,8192,18090,15,20,139236.1667,217185.4483,582564,50373,9985120.5,79139.15614,10100000,9836019,BENIGN
53,30939,1,1,49,177,49,49,49.0,0.0,177,177,177.0,0.0,7304.6963379553,64.6433304244,30939.0,0.0,30939,30939,0,0.0,0.0,0,0,0,0.0,0.0,0,0,0,0,32,20,32.3216652122,32.3216652122,49,177,91.6666666667,73.9008344563,5461.3333333333,0,0,0,0,0,0,0,0,1,137.5,49.0,177.0,1,49,1,177,-1,-1,0,32,0.0,0.0,0,0,0.0,0.0,0,0,BENIGN
80,99999791,2,2,16,0,8,8,8.0,0.0,0,0,0.0,0.0,0.160000334,0.040000084,33300000.0,57700000.0,100000000,55,100000000,100000000.0,0.0,100000000,100000000,100000000,100000000.0,0.0,100000000,100000000,1,0,64,64,0.020000042,0.020000042,0,8,4.8,4.38178046,19.2,0,1,0,0,1,0,0,0,1,6.0,8.0,0.0,2,16,2,0,229,235,1,32,55.0,0.0,55,55,100000000.0,0.0,100000000,100000000,DoS slowloris
443,5487657,7,4,635,168,517,0,90.71428571,190.7072051,168,0,42.0,84.0,146.3283875,2.004498459,548765.7,1680785.164,5331809,4,5487657,914609.5,2201502.448,5408265,4,118940,39646.66667,38179.88851,76828,541,0,0,232,136,1.275589928,0.728908531,0,517,66.91666667,150.8487854,22755.35606,0,0,0,1,0,0,0,0,0,73.0,90.71428571,42.0,7,635,4,168,29200,340,3,32,155844.0,0.0,155844,155844,5331809.0,0.0,5331809,5331809,BENIGN
444,119993844,3813,3811,1752551,22866,1271,6,459.6252295,246.7309368,6,6,6.0,0.0,14795.9007,63.53659276,15741.02637,23598.93704,841617,1,120000000,31477.9234,26457.84929,861387,93,120000000,31485.6021,25623.9489,842050,519,0,0,76260,76220,31.77663014,31.75996262,6,1271,232.8423607,286.1621682,81888.78653,0,0,0,0,1,0,0,0,0,232.8729014,459.6252295,6.0,3813,1752551,3811,22866,3294,3294,3812,20,0.0,0.0,0,0,0.0,0.0,0,0,Infiltration
49157,70,2,2,4,12,2,2,2.0,0.0,6,6,6.0,0.0,228571.4286,57142.85714,23.33333333,4.041451884,28,21,49,49.0,0.0,49,49,49,49.0,0.0,49,49,0,0,48,40,28571.42857,28571.42857,2,6,3.6,2.19089023,4.8,0,0,0,1,0,0,0,0,1,4.5,2.0,6.0,2,4,2,12,1024,0,1,24,0.0,0.0,0,0,0.0,0.0,0,0,BENIGN
53,179,2,2,106,202,53,53,53.0,0.0,101,101,101.0,0.0,1720670.39106145,22346.3687150838,59.6666666667,99.0269323635,174,1,1,1.0,0.0,1,1,4,4.0,0.0,4,4,0,0,40,40,11173.1843575419,11173.1843575419,53,101,72.2,26.2906827602,691.2,0,0,0,0,0,0,0,0,1,90.25,53.0,101.0,2,106,2,202,-1,-1,1,20,0.0,0.0,0,0,0.0,0.0,0,0,BENIGN
444,69365637,1031,1031,307939,6186,1271,6,298.6799224,270.0715266,6,6,6.0,0.0,4528.539109,29.72653448,33656.30131,341655.4599,13900000,6,69300000,67329.11748,482164.7132,13900000,369,69400000,67344.6699,481227.4033,13900000,462,1,0,20620,20620,14.86326724,14.86326724,6,1271,152.3121667,240.5221819,57850.91996,0,1,0,0,1,0,0,0,1,152.386033,298.6799224,6.0,1031,307939,1031,6186,255,3977,1030,20,16400000.0,0.0,16400000,16400000,13900000.0,0.0,13900000,13900000,Infiltration
444,119262215,2792,2110,13712,7878135,5792,0,4.911174785,110.3764478,14480,0,3733.71327,2366.09794,66172.23234,41.10270801,24334.26138,152902.2865,995350,0,119000000,42730.98065,200884.2122,996350,0,119000000,56549.17307,229177.9322,995350,1,0,0,89356,67520,23.41059991,17.6921081,0,14480,1610.776871,2414.090913,5827834.935,0,0,0,0,1,0,0,0,0,1611.105467,4.911174785,3733.71327,2792,13712,2110,7878135,235,235,120,32,0.0,0.0,0,0,0.0,0.0,0,0,Heartbleed
53,231,2,2,80,452,40,40,40.0,0.0,226,226,226.0,0.0,2303030.303,17316.01732,77.0,91.03296106,179,4,4,4.0,0.0,4,4,48,48.0,0.0,48,48,0,0,40,40,8658.008658,8658.008658,40,226,114.4,101.8763957,10378.8,0,0,0,0,0,0,0,0,1,143.0,40.0,226.0,2,80,2,452,-1,-1,1,20,0.0,0.0,0,0,0.0,0.0,0,0,BENIGN
80,5461069,3,1,0,0,0,0,0.0,0.0,0,0,0.0,0.0,0.0,0.732457327,1820356.333,3152193.634,5460196,111,5461069,2730534.5,3860324.314,5460196,873,0,0.0,0.0,0,0,0,0,104,40,0.549342995,0.183114332,0,0,0.0,0.0,0.0,0,0,0,1,0,0,0,0,0,0.0,0.0,0.0,3,0,1,0,29200,28960,0,32,0.0,0.0,0,0,0.0,0.0,0,0,Web Attack - Brute Force
53,62205,2,2,76,230,38,38,38.0,0.0,115,115,115.0,0.0,4919.2187123222,64.3035125794,20735.0,35910.609407249,62201,1,1,1.0,0.0,1,1,3,3.0,0.0,3,3,0,0,80,64,32.1517562897,32.1517562897,38,115,68.8,42.1746369279,1778.7,0,0,0,0,0,0,0,0,1,86.0,38.0,115.0,2,76,2,230,-1,-1,1,40,0.0,0.0,0,0,0.0,0.0,0,0,BENIGN
1108,52,1,1,0,6,0,0,0.0,0.0,6,6,6.0,0.0,115384.6154,38461.53846,52.0,0.0,52,52,0,0.0,0.0,0,0,0,0.0,0.0,0,0,0,0,40,20,19230.76923,19230.76923,0,6,2.0,3.464101615,12.0,0,0,0,1,0,0,0,0,1,3.0,0.0,6.0,1,0,1,6,29200,0,0,40,0.0,0.0,0,0,0.0,0.0,0,0,PortScan
80,98636571,6,5,304,11595,304,0,50.66666667,124.1074803,10147,0,2319.0,4420.67608,120.6347694,0.111520503,9863657.1,31200000.0,98600000,1,98600000,19700000.0,44100000.0,98600000,1,1234,308.5,395.1223439,889,3,0,0,200,168,0.060829365,0.050691138,0,10147,991.5833333,2913.165709,8486534.447,0,0,0,0,1,0,0,0,0,1081.727273,50.66666667,2319.0,6,304,5,11595,274,235,1,32,4.0,0.0,4,4,98600000.0,0.0,98600000,98600000,DoS Hulk
80,5203429,3,1,0,0,0,0,0.0,0.0,0,0,0.0,0.0,0.0,0.768723855,1734476.333,3003422.597,5202530,104,5203429,2601714.5,3678108.553,5202530,899,0,0.0,0.0,0,0,0,0,104,40,0.576542891,0.192180964,0,0,0.0,0.0,0.0,0,0,0,1,0,0,0,0,0,0.0,0.0,0.0,3,0,1,0,29200,28960,0,32,0.0,0.0,0,0,0.0,0.0,0,0,Web Attack - XSS
80,158472,3,5,26,11607,20,0,8.666666667,10.26320288,5840,0,2321.4,3173.373883,73407.28962,50.48210409,22638.85714,59530.60384,157641,3,661,330.5,314.6625176,553,108,158433,39608.25,78688.99949,157641,3,0,0,72,112,18.93078904,31.55131506,0,5840,1292.555556,2554.159212,6523729.278,0,0,0,1,0,0,0,0,1,1454.125,8.666666667,2321.4,3,26,5,11607,8192,229,2,20,0.0,0.0,0,0,0.0,0.0,0,0,DDoS
22,11974392,21,32,2008,2745,640,0,95.61904762,140.0451628,976,0,85.78125,220.240592,396.9303828,4.42611199,230276.7692,626225.5822,2494436,4,10100000,503393.65,899804.1788,2557671,483,12000000,386266.1613,777499.1144,2494436,4,0,0,680,1032,1.753742486,2.672369503,0,976,88.01851852,189.5902723,35944.47135,0,0,0,1,0,0,0,0,1,89.67924528,95.61904762,85.78125,21,2008,32,2745,29200,247,16,32,0.0,0.0,0,0,0.0,0.0,0,0,SSH-Patator
80,5478389,3,1,0,0,0,0,0.0,0.0,0,0,0.0,0.0,0.0,0.730141653,1826129.667,3162182.085,5477503,95,5478389,2739194.5,3872553.019,5477503,886,0,0.0,0.0,0,0,0,0,104,40,0.54760624,0.182535413,0,0,0.0,0.0,0.0,0,0,0,1,0,0,0,0,0,0.0,0.0,0.0,3,0,1,0,29200,28960,0,32,0.0,0.0,0,0,0.0,0.0,0,0,Web Attack - XSS
80,5053312,3,1,0,0,0,0,0.0,0.0,0,0,0.0,0.0,0.0,0.79156007,1684437.333,2916769.824,5052433,130,5053312,2526656.0,3571988.089,5052433,879,0,0.0,0.0,0,0,0,0,104,40,0.593670052,0.197890017,0,0,0.0,0.0,0.0,0,0,0,1,0,0,0,0,0,0.0,0.0,0.0,3,0,1,0,29200,28960,0,32,0.0,0.0,0,0,0.0,0.0,0,0,Web Attack - Brute Force
444,119261118,2794,2130,12264,7879536,4344,0,4.38940587,83.21163543,13032,0,3699.312676,2314.906035,66172.44692,41.28755526,24225.29311,152596.5581,995259,0,119000000,42699.91694,200852.4929,996402,0,119000000,56017.42696,228206.6403,995259,1,0,0,89408,68160,23.42758517,17.85997009,0,13032,1603.27797,2381.909586,5673493.274,0,0,0,0,1,0,0,0,0,1603.603574,4.38940587,3699.312676,2794,12264,2130,7879536,235,235,120,32,0.0,0.0,0,0,0.0,0.0,0,0,Heartbleed
53,67076,1,1,58,186,58,58,58.0,0.0,186,186,186.0,0.0,3637.664739,29.81692409,67076.0,0.0,67076,67076,0,0.0,0.0,0,0,0,0.0,0.0,0,0,0,0,32,20,14.90846204,14.90846204,58,186,100.6666667,73.90083446,5461.333333,0,0,0,0,0,0,0,0,1,151.0,58.0,186.0,1,58,1,186,-1,-1,0,32,0.0,0.0,0,0,0.0,0.0,0,0,BENIGN
53,160103,4,2,176,218,44,44,44.0,0.0,109,109,109.0,0.0,2460.915785,37.47587491,32020.6,54623.1668,126142,4,33913,11304.33333,19572.75148,33905,4,48,48.0,0.0,48,48,0,0,80,40,24.9839166,12.4919583,44,109,62.57142857,31.71675237,1005.952381,0,0,0,0,0,0,0,0,0,73.0,44.0,109.0,4,176,2,218,-1,-1,3,20,0.0,0.0,0,0,0.0,0.0,0,0,BENIGN
80,97880690,6,6,353,11595,353,0,58.83333333,144.1116465,4344,0,1932.5,1754.831473,122.0669777,0.122598237,8898244.545,29500000.0,97800000,3,97900000,19600000.0,43800000.0,97800000,3,31383,6276.6,9073.444897,20158,35,0,0,200,200,0.061299118,0.061299118,0,4344,919.0769231,1498.554385,2245665.244,0,0,0,0,1,0,0,0,1,995.6666667,58.83333333,1932.5,6,353,6,11595,274,235,1,32,994.0,0.0,994,994,97800000.0,0.0,97800000,97800000,DoS Hulk
80,63111559,7,0,0,0,0,0,0.0,0.0,0,0,0.0,0.0,0.0,0.110914706,10500000.0,11900000.0,32100000,999901,63100000,10500000.0,11900000.0,32100000,999901,0,0.0,0.0,0,0,0,0,280,0,0.110914706,0.0,0,0,0.0,0.0,0.0,0,0,0,1,0,0,0,0,0,0.0,0.0,0.0,7,0,0,0,29200,-1,0,40,7015622.0,0.0,7015622,7015622,18700000.0,12200000.0,32100000,8015986,DoS Slowhttptest
80,5207925,3,1,0,0,0,0,0.0,0.0,0,0,0.0,0.0,0.0,0.768060216,1735975.0,3006004.506,5207010,125,5207925,2603962.5,3681265.078,5207010,915,0,0.0,0.0,0,0,0,0,104,40,0.576045162,0.192015054,0,0,0.0,0.0,0.0,0,0,0,1,0,0,0,0,0,0.0,0.0,0.0,3,0,1,0,29200,28960,0,32,0.0,0.0,0,0,0.0,0.0,0,0,Web Attack - XSS
80,3267965,2,0,374,0,187,187,187.0,0.0,0,0,0.0,0.0,114.4443101,0.612001659,3267965.0,0.0,3267965,3267965,3267965,3267965.0,0.0,3267965,3267965,0,0.0,0.0,0,0,1,0,64,0,0.612001659,0.0,187,187,187.0,0.0,0.0,0,1,0,0,1,1,0,0,0,280.5,187.0,0.0,2,374,0,0,229,-1,1,32,0.0,0.0,0,0,0.0,0.0,0,0,DoS Slowhttptest
80,84519076,6,5,378,11595,378,0,63.0,154.3178538,5792,0,2319.0,3170.403917,141.6603277,0.130148134,8451907.6,26700000.0,84400000,3,84400000,16900000.0,37700000.0,84400000,3,147400,36850.0,66414.76565,136174,66,0,0,200,168,0.070989891,0.059158243,0,5792,997.75,2241.985164,5026497.477,0,0,0,0,1,0,0,0,0,1088.454545,63.0,2319.0,6,378,5,11595,274,235,1,32,1024.0,0.0,1024,1024,84400000.0,0.0,84400000,84400000,DoS Hulk
36146,3067,4,2,366,12,258,0,91.5,115.4195246,6,6,6.0,0.0,123247.4731,1956.309097,613.4,1044.689332,2452,4,3067,1022.333333,1314.306788,2506,4,528,528.0,0.0,528,528,1,0,128,40,1304.206065,652.1030323,0,258,90.85714286,117.1216299,13717.47619,0,1,0,0,1,0,0,0,0,106.0,91.5,6.0,4,366,2,12,939,0,2,32,0.0,0.0,0,0,0.0,0.0,0,0,BENIGN
57122,91839,2,1,0,0,0,0,0.0,0.0,0,0,0.0,0.0,0.0,32.66586091,45919.5,64880.58271,91797,42,91839,91839.0,0.0,91839,91839,0,0.0,0.0,0,0,0,0,76,32,21.77724061,10.8886203,0,0,0.0,0.0,0.0,0,0,0,0,1,0,0,0,0,0.0,0.0,0.0,2,0,1,0,1944,33304,0,32,0.0,0.0,0,0,0.0,0.0,0,0,BENIGN
21,7910596,9,15,104,188,24,0,11.55555556,9.261629326,34,0,12.53333333,14.54975045,36.91251582,3.03390541,343938.9565,892142.5801,3051699,2,5668145,708518.125,1301154.661,3094534,3,7910581,565041.5,1101100.971,3051699,2,0,0,296,488,1.137714529,1.896190881,0,34,11.68,12.57881817,158.2266667,0,0,0,1,0,0,0,0,1,12.16666667,11.55555556,12.53333333,9,104,15,188,29200,227,6,32,0.0,0.0,0,0,0.0,0.0,0,0,FTP-Patator
444,117923038,45,40,15754,240,1460,6,350.0888889,505.5940171,6,6,6.0,0.0,135.6308341,0.720809109,1403845.69,10300000.0,92800000,1,118000000,2680057.409,14200000.0,92800000,1,118000000,3023659.462,15100000.0,92800000,1,1,0,900,800,0.381604823,0.339204287,6,1460,186.3953488,402.603769,162089.7948,0,1,0,0,1,0,0,0,0,188.5882353,350.0888889,6.0,45,15754,40,240,255,1452,44,20,2982953.5,2987574.941,5095488,870419,55700000.0,52500000.0,92800000,18600000,Infiltration
54411,72,1,1,6,6,6,6,6.0,0.0,6,6,6.0,0.0,166666.6667,27777.77778,72.0,0.0,72,72,0,0.0,0.0,0,0,0,0.0,0.0,0,0,0,0,20,20,13888.88889,13888.88889,6,6,6.0,0.0,0.0,0,0,0,0,1,1,0,0,1,9.0,6.0,6.0,1,6,1,6,913,256,0,20,0.0,0.0,0,0,0.0,0.0,0,0,BENIGN
80,5380693,3,1,0,0,0,0,0.0,0.0,0,0,0.0,0.0,0.0,0.743398666,1793564.333,3105739.166,5379763,137,5380693,2690346.5,3803409.289,5379763,930,0,0.0,0.0,0,0,0,0,104,40,0.557549,0.185849667,0,0,0.0,0.0,0.0,0,0,0,1,0,0,0,0,0,0.0,0.0,0.0,3,0,1,0,29200,28960,0,32,0.0,0.0,0,0,0.0,0.0,0,0,Web Attack - Brute Force
80,83577363,5,7,355,11595,343,0,71.0,152.0822146,7240,0,1656.428571,2698.609263,142.9812999,0.143579548,7597942.091,25100000.0,83400000,2,83400000,20900000.0,41700000.0,83400000,2,83600000,13900000.0,34000000.0,83400000,17,0,0,144,232,0.059824812,0.083754736,0,7240,919.6923077,2082.129454,4335263.064,1,0,0,0,0,0,0,0,1,996.3333333,71.0,1656.428571,5,355,7,11595,0,235,2,20,14012.0,0.0,14012,14012,83400000.0,0.0,83400000,83400000,DoS Hulk
9001,43,1,1,0,6,0,0,0.0,0.0,6,6,6.0,0.0,139534.8837,46511.62791,43.0,0.0,43,43,0,0.0,0.0,0,0,0,0.0,0.0,0,0,0,0,40,20,23255.81395,23255.81395,0,6,2.0,3.464101615,12.0,0,0,0,1,0,0,0,0,1,3.0,0.0,6.0,1,0,1,6,29200,0,0,40,0.0,0.0,0,0,0.0,0.0,0,0,PortScan
80,2999736,8,1,1780,0,356,0,222.5,184.2475043,0,0,0.0,0.0,593.3855513,3.000264023,374967.0,487953.3652,1370136,4,2999736,428533.7143,500999.5992,1370136,4,0,0.0,0.0,0,0,0,0,264,40,2.666901354,0.333362669,0,356,178.0,187.6284745,35204.44444,0,0,0,1,0,0,0,0,0,197.7777778,222.5,0.0,8,1780,1,0,29200,28960,5,32,0.0,0.0,0,0,0.0,0.0,0,0,DoS Slowhttptest
22,13333440,22,31,2008,2745,640,0,91.27272727,138.1821372,976,0,88.5483871,223.315,356.4721482,3.9749682,256412.3077,694386.8373,2443542,3,11600000,550327.619,994600.8414,2501523,278,13300000,444443.7,872788.7061,2443542,3,0,0,712,1000,1.6499868,2.3249814,0,976,88.01851852,189.5902723,35944.47135,0,0,0,1,0,0,0,0,1,89.67924528,91.27272727,88.5483871,22,2008,31,2745,29200,247,16,32,0.0,0.0,0,0,0.0,0.0,0,0,SSH-Patator
80,48,1,1,0,0,0,0,0.0,0.0,0,0,0.0,0.0,0.0,41666.66667,48.0,0.0,48,48,0,0.0,0.0,0,0,0,0.0,0.0,0,0,0,0,32,32,20833.33333,20833.33333,0,0,0.0,0.0,0.0,0,0,0,0,1,1,0,0,1,0.0,0.0,0.0,1,0,1,0,296,236,0,32,0.0,0.0,0,0,0.0,0.0,0,0,Web Attack - Sql Injection
444,119382036,1157,1157,319630,6942,1271,6,276.2575627,265.155894,6,6,6.0,0.0,2735.520443,19.38315074,51613.50454,688536.9003,24800000,1,119000000,103271.2249,972656.1248,24800000,352,119000000,103271.2033,971529.3733,24800000,464,1,0,23140,23140,9.691575372,9.691575372,6,1271,141.1088553,231.0500967,53384.14718,0,1,0,0,1,0,0,0,1,141.1698358,276.2575627,6.0,1157,319630,1157,6942,255,3977,1156,20,8742788.75,8670543.965,21700000,3735603,13600000.0,9693511.151,24800000,5373451,Infiltration
80,5668983,3,1,0,0,0,0,0.0,0.0,0,0,0.0,0.0,0.0,0.705593931,1889661.0,3272235.434,5668113,119,5668983,2834491.5,4007345.956,5668113,870,0,0.0,0.0,0,0,0,0,104,40,0.529195448,0.176398483,0,0,0.0,0.0,0.0,0,0,0,1,0,0,0,0,0,0.0,0.0,0.0,3,0,1,0,29200,28960,0,32,0.0,0.0,0,0,0.0,0.0,0,0,Web Attack - Brute Force
80,20150082,2,0,0,0,0,0,0.0,0.0,0,0,0.0,0.0,0.0,0.099255179,20200000.0,0.0,20200000,20200000,20200000,20200000.0,0.0,20200000,20200000,0,0.0,0.0,0,0,0,0,64,0,0.099255179,0.0,0,0,0.0,0.0,0.0,0,0,0,0,1,0,0,0,0,0.0,0.0,0.0,2,0,0,0,410,-1,0,32,0.0,0.0,0,0,20200000.0,0.0,20200000,20200000,DoS GoldenEye
80,86879403,8,6,56,11601,20,0,7.0,5.656854249,4380,0,1933.5,1757.789948,134.1744947,0.161142912,6683031.0,22700000.0,82300000,3,85800000,12300000.0,30900000.0,82300000,3,1099779,219955.8,481347.6849,1080897,16,0,0,172,132,0.092081664,0.069061248,0,4380,777.5333333,1434.571657,2057995.838,0,0,0,0,1,0,0,0,0,833.0714286,7.0,1933.5,8,56,6,11601,256,229,6,20,3456920.0,0.0,3456920,3456920,82300000.0,0.0,82300000,82300000,DDoS
80,13909695,8,5,255,11632,255,0,31.875,90.1561146,5840,0,2326.4,3185.599598,854.5837993,0.934599932,1159141.25,2831384.251,8903745,19,8906623,1272374.714,3365569.975,8904770,223,13900000,3477419.0,4318797.993,8903745,151,0,0,264,168,0.57513842,0.359461512,0,5840,849.0714286,2105.395576,4432690.533,0,0,0,1,0,0,0,0,0,914.3846154,31.875,2326.4,8,255,5,11632,29200,235,1,32,887.0,0.0,887,887,8903745.0,0.0,8903745,8903745,DoS GoldenEye
53,337600,1,1,53,134,53,53,53.0,0.0,134,134,134.0,0.0,553.9099526066,5.9241706161,337600.0,0.0,337600,337600,0,0.0,0.0,0,0,0,0.0,0.0,0,0,0,0,20,20,2.9620853081,2.9620853081,53,134,80.0,46.7653718044,2187.0,0,0,0,0,0,0,0,0,1,120.0,53.0,134.0,1,53,1,134,-1,-1,0,20,0.0,0.0,0,0,0.0,0.0,0,0,BENIGN
53,172,2,2,66,122,33,33,33.0,0.0,61,61,61.0,0.0,1093023.25581395,23255.8139534884,57.3333333333,93.2434090611,165,3,4,4.0,0.0,4,4,3,3.0,0.0,3,3,0,0,64,64,11627.9069767442,11627.9069767442,33,61,44.2,15.3362316101,235.2,0,0,0,0,0,0,0,0,1,55.25,33.0,61.0,2,66,2,122,-1,-1,1,32,0.0,0.0,0,0,0.0,0.0,0,0,BENIGN
80,508,2,1,0,0,0,0,0.0,0.0,0,0,0.0,0.0,0.0,5905.511811,254.0,309.7127702,473,35,508,508.0,0.0,508,508,0,0.0,0.0,0,0,0,0,64,32,3937.007874,1968.503937,0,0,0.0,0.0,0.0,0,0,0,0,1,1,0,0,0,0.0,0.0,0.0,2,0,1,0,237,235,0,32,0.0,0.0,0,0,0.0,0.0,0,0,Web Attack - Sql Injection
80,3003626,3,0,0,0,0,0,0.0,0.0,0,0,0.0,0.0,0.0,0.998792792,1501813.0,710184.1099,2003989,999637,3003626,1501813.0,710184.1099,2003989,999637,0,0.0,0.0,0,0,0,0,120,0,0.998792792,0.0,0,0,0.0,0.0,0.0,0,0,0,1,0,0,0,0,0,0.0,0.0,0.0,3,0,0,0,29200,-1,0,40,0.0,0.0,0,0,0.0,0.0,0,0,DoS slowloris
80,1836761,3,4,26,11607,20,0,8.666666667,10.26320288,11595,0,2901.75,5795.50069,6333.431513,3.811056528,306126.8333,749531.2218,1836101,5,591,295.5,265.1650429,483,108,1836715,612238.3333,1059896.203,1836101,5,0,0,72,92,1.633309941,2.177746588,0,11595,1454.125,4097.537534,16800000.0,0,0,0,1,0,0,0,0,1,1661.857143,8.666666667,2901.75,3,26,4,11607,8192,229,2,20,0.0,0.0,0,0,0.0,0.0,0,0,DDoS
80,5906119,4,4,358,1707,358,0,89.5,179.0,1707,0,426.75,853.5,349.6373845,1.354527398,843731.2857,1861470.073,5001625,121,904494,301498.0,492289.9641,869619,755,5905979,1968659.667,2660318.785,5002282,33342,0,0,136,136,0.677263699,0.677263699,0,1707,229.4444444,566.5918088,321026.2778,0,0,0,1,0,0,0,0,1,258.125,89.5,426.75,4,358,4,1707,29200,235,1,32,0.0,0.0,0,0,0.0,0.0,0,0,Web Attack - XSS
443,196,2,0,12,0,6,6,6.0,0.0,0,0,0.0,0.0,61224.4897959184,10204.0816326531,196.0,0.0,196,196,196,196.0,0.0,196,196,0,0.0,0.0,0,0,0,0,40,0,10204.0816326531,0.0,6,6,6.0,0.0,0.0,0,0,0,0,1,0,0,0,0,9.0,6.0,0.0,2,12,0,0,253,-1,1,20,0.0,0.0,0,0,0.0,0.0,0,0,BENIGN
80,109437505,4,3,531,0,520,0,132.75,258.218738,0,0,0.0,0.0,4.852084301,0.063963447,18200000.0,44700000.0,109000000,46,109000000,36500000.0,63200000.0,109000000,774,109000000,54700000.0,77400000.0,109000000,5431,0,0,136,104,0.036550541,0.027412906,0,520,66.375,183.332592,33610.83929,0,0,0,1,0,0,0,0,0,75.85714286,132.75,0.0,4,531,3,0,29200,235,2,32,5477.0,0.0,5477,5477,109000000.0,0.0,109000000,109000000,DoS Slowhttptest
53,47479,4,2,88,182,22,22,22.0,0.0,91,91,91.0,0.0,5686.724657,126.371659,9495.8,15052.22456,34470,3,34477,11492.33333,19899.24306,34470,3,4,4.0,0.0,4,4,0,0,80,40,84.2477727,42.12388635,22,91,41.71428571,33.66855252,1133.571429,0,0,0,0,0,0,0,0,0,48.66666667,22.0,91.0,4,88,2,182,-1,-1,3,20,0.0,0.0,0,0,0.0,0.0,0,0,BENIGN
8080,1001746,3,3,0,18,0,0,0.0,0.0,6,6,6.0,0.0,17.96862678,5.989542259,200349.2,273672.1898,500358,349,1001397,500698.5,236.8807717,500866,500531,1001141,500570.5,193.0401513,500707,500434,0,0,92,60,2.99477113,2.99477113,0,6,2.571428571,3.207134903,10.28571429,0,0,0,1,0,0,0,0,1,3.0,0.0,6.0,3,0,3,18,8192,0,0,28,0.0,0.0,0,0,0.0,0.0,0,0,Bot
24444,23,1,1,0,6,0,0,0.0,0.0,6,6,6.0,0.0,260869.5652,86956.52174,23.0,0.0,23,23,0,0.0,0.0,0,0,0,0.0,0.0,0,0,0,0,40,20,43478.26087,43478.26087,0,6,2.0,3.464101615,12.0,0,0,0,1,0,0,0,0,1,3.0,0.0,6.0,1,0,1,6,29200,0,0,40,0.0,0.0,0,0,0.0,0.0,0,0,PortScan
80,5192533,3,1,0,0,0,0,0.0,0.0,0,0,0.0,0.0,0.0,0.770336943,1730844.333,2997140.449,5191644,100,5192533,2596266.5,3670418.06,5191644,889,0,0.0,0.0,0,0,0,0,104,40,0.577752708,0.192584236,0,0,0.0,0.0,0.0,0,0,0,1,0,0,0,0,0,0.0,0.0,0.0,3,0,1,0,29200,28960,0,32,0.0,0.0,0,0,0.0,0.0,0,0,Web Attack - XSS
51741,16,1,1,6,6,6,6,6.0,0.0,6,6,6.0,0.0,750000.0,125000.0,16.0,0.0,16,16,0,0.0,0.0,0,0,0,0.0,0.0,0,0,0,0,20,20,62500.0,62500.0,6,6,6.0,0.0,0.0,0,0,0,0,1,1,0,0,1,9.0,6.0,6.0,1,6,1,6,245,256,0,20,0.0,0.0,0,0,0.0,0.0,0,0,Bot
